row_id,y_true,y_pred,model
743,65.0,67.2151371807001,dummy_mean
5551,65.0,67.2151371807001,dummy_mean
3442,71.0,67.2151371807001,dummy_mean
6571,64.0,67.2151371807001,dummy_mean
4204,66.0,67.2151371807001,dummy_mean
2516,66.0,67.2151371807001,dummy_mean
4047,72.0,67.2151371807001,dummy_mean
1706,66.0,67.2151371807001,dummy_mean
1075,70.0,67.2151371807001,dummy_mean
233,70.0,67.2151371807001,dummy_mean
2802,66.0,67.2151371807001,dummy_mean
3264,72.0,67.2151371807001,dummy_mean
4712,66.0,67.2151371807001,dummy_mean
5849,64.0,67.2151371807001,dummy_mean
1919,65.0,67.2151371807001,dummy_mean
1543,63.0,67.2151371807001,dummy_mean
1005,63.0,67.2151371807001,dummy_mean
3187,74.0,67.2151371807001,dummy_mean
2987,66.0,67.2151371807001,dummy_mean
6357,69.0,67.2151371807001,dummy_mean
5359,67.0,67.2151371807001,dummy_mean
5385,70.0,67.2151371807001,dummy_mean
61,62.0,67.2151371807001,dummy_mean
4560,63.0,67.2151371807001,dummy_mean
4730,66.0,67.2151371807001,dummy_mean
6389,74.0,67.2151371807001,dummy_mean
3414,70.0,67.2151371807001,dummy_mean
5072,71.0,67.2151371807001,dummy_mean
217,89.0,67.2151371807001,dummy_mean
2955,71.0,67.2151371807001,dummy_mean
2357,70.0,67.2151371807001,dummy_mean
3718,65.0,67.2151371807001,dummy_mean
476,67.0,67.2151371807001,dummy_mean
1101,55.0,67.2151371807001,dummy_mean
6192,64.0,67.2151371807001,dummy_mean
3181,67.0,67.2151371807001,dummy_mean
6498,71.0,67.2151371807001,dummy_mean
5818,71.0,67.2151371807001,dummy_mean
4500,66.0,67.2151371807001,dummy_mean
511,69.0,67.2151371807001,dummy_mean
6345,63.0,67.2151371807001,dummy_mean
4775,65.0,67.2151371807001,dummy_mean
3458,66.0,67.2151371807001,dummy_mean
247,64.0,67.2151371807001,dummy_mean
3065,65.0,67.2151371807001,dummy_mean
3405,67.0,67.2151371807001,dummy_mean
5272,64.0,67.2151371807001,dummy_mean
5540,70.0,67.2151371807001,dummy_mean
4602,67.0,67.2151371807001,dummy_mean
3982,73.0,67.2151371807001,dummy_mean
4267,62.0,67.2151371807001,dummy_mean
3483,67.0,67.2151371807001,dummy_mean
5650,61.0,67.2151371807001,dummy_mean
230,69.0,67.2151371807001,dummy_mean
31,69.0,67.2151371807001,dummy_mean
5901,60.0,67.2151371807001,dummy_mean
4093,63.0,67.2151371807001,dummy_mean
3246,68.0,67.2151371807001,dummy_mean
4553,66.0,67.2151371807001,dummy_mean
2925,70.0,67.2151371807001,dummy_mean
1084,72.0,67.2151371807001,dummy_mean
5302,72.0,67.2151371807001,dummy_mean
4160,67.0,67.2151371807001,dummy_mean
5538,67.0,67.2151371807001,dummy_mean
3286,61.0,67.2151371807001,dummy_mean
17,65.0,67.2151371807001,dummy_mean
6316,75.0,67.2151371807001,dummy_mean
5038,65.0,67.2151371807001,dummy_mean
5317,67.0,67.2151371807001,dummy_mean
6206,70.0,67.2151371807001,dummy_mean
1328,62.0,67.2151371807001,dummy_mean
5381,67.0,67.2151371807001,dummy_mean
4161,65.0,67.2151371807001,dummy_mean
1973,70.0,67.2151371807001,dummy_mean
4084,73.0,67.2151371807001,dummy_mean
2168,64.0,67.2151371807001,dummy_mean
4279,64.0,67.2151371807001,dummy_mean
5333,67.0,67.2151371807001,dummy_mean
2509,64.0,67.2151371807001,dummy_mean
5345,69.0,67.2151371807001,dummy_mean
96,62.0,67.2151371807001,dummy_mean
2510,66.0,67.2151371807001,dummy_mean
3159,73.0,67.2151371807001,dummy_mean
5562,71.0,67.2151371807001,dummy_mean
4986,70.0,67.2151371807001,dummy_mean
2722,60.0,67.2151371807001,dummy_mean
2647,62.0,67.2151371807001,dummy_mean
3149,70.0,67.2151371807001,dummy_mean
4028,73.0,67.2151371807001,dummy_mean
6415,66.0,67.2151371807001,dummy_mean
2112,68.0,67.2151371807001,dummy_mean
3017,63.0,67.2151371807001,dummy_mean
2851,71.0,67.2151371807001,dummy_mean
3707,72.0,67.2151371807001,dummy_mean
3053,64.0,67.2151371807001,dummy_mean
5482,67.0,67.2151371807001,dummy_mean
4545,70.0,67.2151371807001,dummy_mean
2859,69.0,67.2151371807001,dummy_mean
2684,67.0,67.2151371807001,dummy_mean
1599,67.0,67.2151371807001,dummy_mean
6080,75.0,67.2151371807001,dummy_mean
2594,71.0,67.2151371807001,dummy_mean
6421,69.0,67.2151371807001,dummy_mean
93,69.0,67.2151371807001,dummy_mean
3538,69.0,67.2151371807001,dummy_mean
5328,67.0,67.2151371807001,dummy_mean
6375,68.0,67.2151371807001,dummy_mean
393,75.0,67.2151371807001,dummy_mean
5374,72.0,67.2151371807001,dummy_mean
4692,69.0,67.2151371807001,dummy_mean
3782,62.0,67.2151371807001,dummy_mean
1400,64.0,67.2151371807001,dummy_mean
2543,68.0,67.2151371807001,dummy_mean
3995,63.0,67.2151371807001,dummy_mean
4930,72.0,67.2151371807001,dummy_mean
1964,69.0,67.2151371807001,dummy_mean
435,66.0,67.2151371807001,dummy_mean
4043,65.0,67.2151371807001,dummy_mean
2825,71.0,67.2151371807001,dummy_mean
982,62.0,67.2151371807001,dummy_mean
3299,71.0,67.2151371807001,dummy_mean
2441,67.0,67.2151371807001,dummy_mean
1425,66.0,67.2151371807001,dummy_mean
4656,62.0,67.2151371807001,dummy_mean
561,75.0,67.2151371807001,dummy_mean
1858,71.0,67.2151371807001,dummy_mean
1730,62.0,67.2151371807001,dummy_mean
2389,67.0,67.2151371807001,dummy_mean
2388,71.0,67.2151371807001,dummy_mean
4607,71.0,67.2151371807001,dummy_mean
2521,74.0,67.2151371807001,dummy_mean
324,66.0,67.2151371807001,dummy_mean
3478,70.0,67.2151371807001,dummy_mean
1839,67.0,67.2151371807001,dummy_mean
549,64.0,67.2151371807001,dummy_mean
2799,69.0,67.2151371807001,dummy_mean
5501,71.0,67.2151371807001,dummy_mean
2476,62.0,67.2151371807001,dummy_mean
2742,65.0,67.2151371807001,dummy_mean
6530,72.0,67.2151371807001,dummy_mean
6408,68.0,67.2151371807001,dummy_mean
2876,65.0,67.2151371807001,dummy_mean
6367,65.0,67.2151371807001,dummy_mean
3102,67.0,67.2151371807001,dummy_mean
2387,69.0,67.2151371807001,dummy_mean
611,63.0,67.2151371807001,dummy_mean
2765,66.0,67.2151371807001,dummy_mean
4520,68.0,67.2151371807001,dummy_mean
263,65.0,67.2151371807001,dummy_mean
5168,59.0,67.2151371807001,dummy_mean
23,66.0,67.2151371807001,dummy_mean
3207,65.0,67.2151371807001,dummy_mean
239,67.0,67.2151371807001,dummy_mean
4528,62.0,67.2151371807001,dummy_mean
3613,71.0,67.2151371807001,dummy_mean
3539,65.0,67.2151371807001,dummy_mean
1485,68.0,67.2151371807001,dummy_mean
5842,62.0,67.2151371807001,dummy_mean
6223,72.0,67.2151371807001,dummy_mean
3206,65.0,67.2151371807001,dummy_mean
2663,69.0,67.2151371807001,dummy_mean
5281,64.0,67.2151371807001,dummy_mean
132,63.0,67.2151371807001,dummy_mean
3408,63.0,67.2151371807001,dummy_mean
2268,63.0,67.2151371807001,dummy_mean
3877,69.0,67.2151371807001,dummy_mean
3105,66.0,67.2151371807001,dummy_mean
491,70.0,67.2151371807001,dummy_mean
503,70.0,67.2151371807001,dummy_mean
3555,71.0,67.2151371807001,dummy_mean
3519,59.0,67.2151371807001,dummy_mean
2080,67.0,67.2151371807001,dummy_mean
6014,68.0,67.2151371807001,dummy_mean
764,67.0,67.2151371807001,dummy_mean
2526,66.0,67.2151371807001,dummy_mean
2877,65.0,67.2151371807001,dummy_mean
3978,65.0,67.2151371807001,dummy_mean
3497,62.0,67.2151371807001,dummy_mean
1632,69.0,67.2151371807001,dummy_mean
5013,67.0,67.2151371807001,dummy_mean
2902,68.0,67.2151371807001,dummy_mean
6404,65.0,67.2151371807001,dummy_mean
5227,67.0,67.2151371807001,dummy_mean
1488,65.0,67.2151371807001,dummy_mean
2183,69.0,67.2151371807001,dummy_mean
5478,68.0,67.2151371807001,dummy_mean
3732,61.0,67.2151371807001,dummy_mean
2131,68.0,67.2151371807001,dummy_mean
5673,73.0,67.2151371807001,dummy_mean
1360,68.0,67.2151371807001,dummy_mean
6125,59.0,67.2151371807001,dummy_mean
3196,69.0,67.2151371807001,dummy_mean
5416,67.0,67.2151371807001,dummy_mean
1468,63.0,67.2151371807001,dummy_mean
6212,61.0,67.2151371807001,dummy_mean
535,69.0,67.2151371807001,dummy_mean
2345,66.0,67.2151371807001,dummy_mean
401,63.0,67.2151371807001,dummy_mean
2053,71.0,67.2151371807001,dummy_mean
6238,70.0,67.2151371807001,dummy_mean
6426,65.0,67.2151371807001,dummy_mean
4438,67.0,67.2151371807001,dummy_mean
2210,65.0,67.2151371807001,dummy_mean
1669,67.0,67.2151371807001,dummy_mean
1038,68.0,67.2151371807001,dummy_mean
1406,68.0,67.2151371807001,dummy_mean
4979,62.0,67.2151371807001,dummy_mean
6110,71.0,67.2151371807001,dummy_mean
3193,69.0,67.2151371807001,dummy_mean
6200,70.0,67.2151371807001,dummy_mean
5121,72.0,67.2151371807001,dummy_mean
3357,58.0,67.2151371807001,dummy_mean
80,65.0,67.2151371807001,dummy_mean
2574,75.0,67.2151371807001,dummy_mean
4975,68.0,67.2151371807001,dummy_mean
2596,62.0,67.2151371807001,dummy_mean
5594,74.0,67.2151371807001,dummy_mean
6042,67.0,67.2151371807001,dummy_mean
3014,68.0,67.2151371807001,dummy_mean
1840,68.0,67.2151371807001,dummy_mean
6272,65.0,67.2151371807001,dummy_mean
1235,72.0,67.2151371807001,dummy_mean
3749,66.0,67.2151371807001,dummy_mean
3846,68.0,67.2151371807001,dummy_mean
5099,70.0,67.2151371807001,dummy_mean
6511,68.0,67.2151371807001,dummy_mean
3856,60.0,67.2151371807001,dummy_mean
2618,72.0,67.2151371807001,dummy_mean
3377,61.0,67.2151371807001,dummy_mean
5967,67.0,67.2151371807001,dummy_mean
1544,62.0,67.2151371807001,dummy_mean
2842,69.0,67.2151371807001,dummy_mean
4393,64.0,67.2151371807001,dummy_mean
2138,67.0,67.2151371807001,dummy_mean
5035,75.0,67.2151371807001,dummy_mean
5785,71.0,67.2151371807001,dummy_mean
4125,67.0,67.2151371807001,dummy_mean
3785,70.0,67.2151371807001,dummy_mean
1161,75.0,67.2151371807001,dummy_mean
4837,66.0,67.2151371807001,dummy_mean
538,64.0,67.2151371807001,dummy_mean
4299,64.0,67.2151371807001,dummy_mean
5563,68.0,67.2151371807001,dummy_mean
3298,65.0,67.2151371807001,dummy_mean
5579,63.0,67.2151371807001,dummy_mean
625,63.0,67.2151371807001,dummy_mean
5289,67.0,67.2151371807001,dummy_mean
2943,66.0,67.2151371807001,dummy_mean
2650,68.0,67.2151371807001,dummy_mean
4427,68.0,67.2151371807001,dummy_mean
5677,70.0,67.2151371807001,dummy_mean
496,70.0,67.2151371807001,dummy_mean
4055,64.0,67.2151371807001,dummy_mean
3946,68.0,67.2151371807001,dummy_mean
3979,67.0,67.2151371807001,dummy_mean
1918,66.0,67.2151371807001,dummy_mean
1807,70.0,67.2151371807001,dummy_mean
4605,66.0,67.2151371807001,dummy_mean
1046,73.0,67.2151371807001,dummy_mean
1405,64.0,67.2151371807001,dummy_mean
1421,73.0,67.2151371807001,dummy_mean
1385,68.0,67.2151371807001,dummy_mean
381,61.0,67.2151371807001,dummy_mean
6318,66.0,67.2151371807001,dummy_mean
3467,65.0,67.2151371807001,dummy_mean
4189,65.0,67.2151371807001,dummy_mean
5715,66.0,67.2151371807001,dummy_mean
1499,69.0,67.2151371807001,dummy_mean
3651,66.0,67.2151371807001,dummy_mean
3426,65.0,67.2151371807001,dummy_mean
5439,67.0,67.2151371807001,dummy_mean
6377,71.0,67.2151371807001,dummy_mean
3250,70.0,67.2151371807001,dummy_mean
2576,68.0,67.2151371807001,dummy_mean
3378,61.0,67.2151371807001,dummy_mean
5123,68.0,67.2151371807001,dummy_mean
3438,64.0,67.2151371807001,dummy_mean
3399,68.0,67.2151371807001,dummy_mean
88,71.0,67.2151371807001,dummy_mean
3296,68.0,67.2151371807001,dummy_mean
833,63.0,67.2151371807001,dummy_mean
6120,68.0,67.2151371807001,dummy_mean
1056,70.0,67.2151371807001,dummy_mean
156,72.0,67.2151371807001,dummy_mean
1694,63.0,67.2151371807001,dummy_mean
1153,62.0,67.2151371807001,dummy_mean
5253,64.0,67.2151371807001,dummy_mean
5195,62.0,67.2151371807001,dummy_mean
6368,66.0,67.2151371807001,dummy_mean
1197,66.0,67.2151371807001,dummy_mean
198,67.0,67.2151371807001,dummy_mean
5307,65.0,67.2151371807001,dummy_mean
3622,66.0,67.2151371807001,dummy_mean
4907,67.0,67.2151371807001,dummy_mean
1509,65.0,67.2151371807001,dummy_mean
756,68.0,67.2151371807001,dummy_mean
5928,74.0,67.2151371807001,dummy_mean
5418,65.0,67.2151371807001,dummy_mean
6195,66.0,67.2151371807001,dummy_mean
1411,65.0,67.2151371807001,dummy_mean
5671,73.0,67.2151371807001,dummy_mean
4824,65.0,67.2151371807001,dummy_mean
3199,70.0,67.2151371807001,dummy_mean
4962,67.0,67.2151371807001,dummy_mean
622,68.0,67.2151371807001,dummy_mean
4851,68.0,67.2151371807001,dummy_mean
5273,69.0,67.2151371807001,dummy_mean
4340,71.0,67.2151371807001,dummy_mean
3802,70.0,67.2151371807001,dummy_mean
334,70.0,67.2151371807001,dummy_mean
681,64.0,67.2151371807001,dummy_mean
3161,68.0,67.2151371807001,dummy_mean
6117,66.0,67.2151371807001,dummy_mean
1175,65.0,67.2151371807001,dummy_mean
733,68.0,67.2151371807001,dummy_mean
4260,65.0,67.2151371807001,dummy_mean
1397,65.0,67.2151371807001,dummy_mean
842,71.0,67.2151371807001,dummy_mean
5555,69.0,67.2151371807001,dummy_mean
6509,67.0,67.2151371807001,dummy_mean
2245,72.0,67.2151371807001,dummy_mean
1756,66.0,67.2151371807001,dummy_mean
465,67.0,67.2151371807001,dummy_mean
2024,66.0,67.2151371807001,dummy_mean
4486,71.0,67.2151371807001,dummy_mean
208,68.0,67.2151371807001,dummy_mean
2392,67.0,67.2151371807001,dummy_mean
4367,68.0,67.2151371807001,dummy_mean
3002,66.0,67.2151371807001,dummy_mean
3279,66.0,67.2151371807001,dummy_mean
472,65.0,67.2151371807001,dummy_mean
6210,68.0,67.2151371807001,dummy_mean
6050,67.0,67.2151371807001,dummy_mean
1789,70.0,67.2151371807001,dummy_mean
957,73.0,67.2151371807001,dummy_mean
3761,64.0,67.2151371807001,dummy_mean
4617,65.0,67.2151371807001,dummy_mean
4481,69.0,67.2151371807001,dummy_mean
6172,67.0,67.2151371807001,dummy_mean
4763,65.0,67.2151371807001,dummy_mean
3686,67.0,67.2151371807001,dummy_mean
3407,67.0,67.2151371807001,dummy_mean
676,63.0,67.2151371807001,dummy_mean
5114,66.0,67.2151371807001,dummy_mean
1407,72.0,67.2151371807001,dummy_mean
3706,63.0,67.2151371807001,dummy_mean
1737,71.0,67.2151371807001,dummy_mean
2440,68.0,67.2151371807001,dummy_mean
5169,63.0,67.2151371807001,dummy_mean
2291,70.0,67.2151371807001,dummy_mean
1103,65.0,67.2151371807001,dummy_mean
3951,63.0,67.2151371807001,dummy_mean
1652,65.0,67.2151371807001,dummy_mean
805,62.0,67.2151371807001,dummy_mean
5367,69.0,67.2151371807001,dummy_mean
2874,72.0,67.2151371807001,dummy_mean
5490,64.0,67.2151371807001,dummy_mean
5972,69.0,67.2151371807001,dummy_mean
5758,63.0,67.2151371807001,dummy_mean
5440,65.0,67.2151371807001,dummy_mean
4449,69.0,67.2151371807001,dummy_mean
2154,68.0,67.2151371807001,dummy_mean
5605,64.0,67.2151371807001,dummy_mean
5789,65.0,67.2151371807001,dummy_mean
2523,72.0,67.2151371807001,dummy_mean
865,65.0,67.2151371807001,dummy_mean
960,66.0,67.2151371807001,dummy_mean
2916,70.0,67.2151371807001,dummy_mean
5087,73.0,67.2151371807001,dummy_mean
4328,73.0,67.2151371807001,dummy_mean
6385,70.0,67.2151371807001,dummy_mean
3334,67.0,67.2151371807001,dummy_mean
4834,64.0,67.2151371807001,dummy_mean
4151,70.0,67.2151371807001,dummy_mean
5954,73.0,67.2151371807001,dummy_mean
6577,64.0,67.2151371807001,dummy_mean
4507,70.0,67.2151371807001,dummy_mean
6382,70.0,67.2151371807001,dummy_mean
1090,64.0,67.2151371807001,dummy_mean
2163,72.0,67.2151371807001,dummy_mean
5941,68.0,67.2151371807001,dummy_mean
4767,64.0,67.2151371807001,dummy_mean
37,67.0,67.2151371807001,dummy_mean
2370,66.0,67.2151371807001,dummy_mean
2029,66.0,67.2151371807001,dummy_mean
5567,69.0,67.2151371807001,dummy_mean
296,66.0,67.2151371807001,dummy_mean
2254,64.0,67.2151371807001,dummy_mean
1357,64.0,67.2151371807001,dummy_mean
5363,64.0,67.2151371807001,dummy_mean
534,64.0,67.2151371807001,dummy_mean
5557,67.0,67.2151371807001,dummy_mean
1416,68.0,67.2151371807001,dummy_mean
2821,72.0,67.2151371807001,dummy_mean
5105,65.0,67.2151371807001,dummy_mean
1436,66.0,67.2151371807001,dummy_mean
468,67.0,67.2151371807001,dummy_mean
5903,66.0,67.2151371807001,dummy_mean
755,71.0,67.2151371807001,dummy_mean
6155,70.0,67.2151371807001,dummy_mean
3816,71.0,67.2151371807001,dummy_mean
5655,61.0,67.2151371807001,dummy_mean
4519,65.0,67.2151371807001,dummy_mean
2094,66.0,67.2151371807001,dummy_mean
4099,72.0,67.2151371807001,dummy_mean
5284,74.0,67.2151371807001,dummy_mean
4878,69.0,67.2151371807001,dummy_mean
3039,67.0,67.2151371807001,dummy_mean
4402,68.0,67.2151371807001,dummy_mean
6044,72.0,67.2151371807001,dummy_mean
3795,69.0,67.2151371807001,dummy_mean
6351,68.0,67.2151371807001,dummy_mean
4897,65.0,67.2151371807001,dummy_mean
3660,65.0,67.2151371807001,dummy_mean
5010,74.0,67.2151371807001,dummy_mean
5669,75.0,67.2151371807001,dummy_mean
4527,70.0,67.2151371807001,dummy_mean
1825,69.0,67.2151371807001,dummy_mean
1832,74.0,67.2151371807001,dummy_mean
3842,66.0,67.2151371807001,dummy_mean
346,62.0,67.2151371807001,dummy_mean
5398,64.0,67.2151371807001,dummy_mean
5841,67.0,67.2151371807001,dummy_mean
1559,64.0,67.2151371807001,dummy_mean
3217,66.0,67.2151371807001,dummy_mean
4038,65.0,67.2151371807001,dummy_mean
811,65.0,67.2151371807001,dummy_mean
3757,68.0,67.2151371807001,dummy_mean
3980,66.0,67.2151371807001,dummy_mean
157,65.0,67.2151371807001,dummy_mean
351,69.0,67.2151371807001,dummy_mean
2899,68.0,67.2151371807001,dummy_mean
2318,66.0,67.2151371807001,dummy_mean
996,75.0,67.2151371807001,dummy_mean
5532,67.0,67.2151371807001,dummy_mean
2225,68.0,67.2151371807001,dummy_mean
5721,70.0,67.2151371807001,dummy_mean
1666,66.0,67.2151371807001,dummy_mean
544,68.0,67.2151371807001,dummy_mean
6359,70.0,67.2151371807001,dummy_mean
6220,69.0,67.2151371807001,dummy_mean
3464,65.0,67.2151371807001,dummy_mean
2273,67.0,67.2151371807001,dummy_mean
4629,68.0,67.2151371807001,dummy_mean
5375,69.0,67.2151371807001,dummy_mean
2746,66.0,67.2151371807001,dummy_mean
1193,65.0,67.2151371807001,dummy_mean
1782,66.0,67.2151371807001,dummy_mean
5725,65.0,67.2151371807001,dummy_mean
1223,67.0,67.2151371807001,dummy_mean
1244,65.0,67.2151371807001,dummy_mean
1340,63.0,67.2151371807001,dummy_mean
3195,60.0,67.2151371807001,dummy_mean
3121,66.0,67.2151371807001,dummy_mean
5619,70.0,67.2151371807001,dummy_mean
2584,72.0,67.2151371807001,dummy_mean
5150,70.0,67.2151371807001,dummy_mean
3477,60.0,67.2151371807001,dummy_mean
469,69.0,67.2151371807001,dummy_mean
6568,69.0,67.2151371807001,dummy_mean
2885,67.0,67.2151371807001,dummy_mean
79,60.0,67.2151371807001,dummy_mean
167,71.0,67.2151371807001,dummy_mean
6309,66.0,67.2151371807001,dummy_mean
1174,66.0,67.2151371807001,dummy_mean
1181,64.0,67.2151371807001,dummy_mean
5999,64.0,67.2151371807001,dummy_mean
4989,72.0,67.2151371807001,dummy_mean
1498,63.0,67.2151371807001,dummy_mean
3862,72.0,67.2151371807001,dummy_mean
6226,66.0,67.2151371807001,dummy_mean
179,69.0,67.2151371807001,dummy_mean
378,72.0,67.2151371807001,dummy_mean
4672,66.0,67.2151371807001,dummy_mean
4969,67.0,67.2151371807001,dummy_mean
3765,65.0,67.2151371807001,dummy_mean
683,67.0,67.2151371807001,dummy_mean
752,67.0,67.2151371807001,dummy_mean
3150,70.0,67.2151371807001,dummy_mean
3107,68.0,67.2151371807001,dummy_mean
2513,88.0,67.2151371807001,dummy_mean
1921,69.0,67.2151371807001,dummy_mean
2304,75.0,67.2151371807001,dummy_mean
800,72.0,67.2151371807001,dummy_mean
1480,67.0,67.2151371807001,dummy_mean
2323,74.0,67.2151371807001,dummy_mean
4810,63.0,67.2151371807001,dummy_mean
3870,70.0,67.2151371807001,dummy_mean
4574,62.0,67.2151371807001,dummy_mean
50,64.0,67.2151371807001,dummy_mean
3755,65.0,67.2151371807001,dummy_mean
4917,72.0,67.2151371807001,dummy_mean
2751,73.0,67.2151371807001,dummy_mean
3543,57.0,67.2151371807001,dummy_mean
1702,69.0,67.2151371807001,dummy_mean
373,72.0,67.2151371807001,dummy_mean
6291,64.0,67.2151371807001,dummy_mean
4463,70.0,67.2151371807001,dummy_mean
5176,64.0,67.2151371807001,dummy_mean
308,69.0,67.2151371807001,dummy_mean
4333,70.0,67.2151371807001,dummy_mean
585,65.0,67.2151371807001,dummy_mean
2572,65.0,67.2151371807001,dummy_mean
5850,70.0,67.2151371807001,dummy_mean
1219,75.0,67.2151371807001,dummy_mean
5230,72.0,67.2151371807001,dummy_mean
1049,73.0,67.2151371807001,dummy_mean
5761,70.0,67.2151371807001,dummy_mean
5997,65.0,67.2151371807001,dummy_mean
2926,68.0,67.2151371807001,dummy_mean
3289,65.0,67.2151371807001,dummy_mean
6271,73.0,67.2151371807001,dummy_mean
5198,58.0,67.2151371807001,dummy_mean
6484,70.0,67.2151371807001,dummy_mean
1650,72.0,67.2151371807001,dummy_mean
3163,65.0,67.2151371807001,dummy_mean
2499,62.0,67.2151371807001,dummy_mean
5471,65.0,67.2151371807001,dummy_mean
6531,71.0,67.2151371807001,dummy_mean
4535,64.0,67.2151371807001,dummy_mean
6253,69.0,67.2151371807001,dummy_mean
1545,65.0,67.2151371807001,dummy_mean
1375,66.0,67.2151371807001,dummy_mean
322,67.0,67.2151371807001,dummy_mean
248,71.0,67.2151371807001,dummy_mean
1965,61.0,67.2151371807001,dummy_mean
4258,68.0,67.2151371807001,dummy_mean
5668,62.0,67.2151371807001,dummy_mean
1926,66.0,67.2151371807001,dummy_mean
1047,63.0,67.2151371807001,dummy_mean
5429,61.0,67.2151371807001,dummy_mean
3094,63.0,67.2151371807001,dummy_mean
3142,73.0,67.2151371807001,dummy_mean
3095,70.0,67.2151371807001,dummy_mean
91,63.0,67.2151371807001,dummy_mean
6166,68.0,67.2151371807001,dummy_mean
318,68.0,67.2151371807001,dummy_mean
1034,71.0,67.2151371807001,dummy_mean
4316,60.0,67.2151371807001,dummy_mean
3540,69.0,67.2151371807001,dummy_mean
3336,63.0,67.2151371807001,dummy_mean
1941,66.0,67.2151371807001,dummy_mean
5812,70.0,67.2151371807001,dummy_mean
706,63.0,67.2151371807001,dummy_mean
4013,65.0,67.2151371807001,dummy_mean
6171,67.0,67.2151371807001,dummy_mean
2603,68.0,67.2151371807001,dummy_mean
1192,66.0,67.2151371807001,dummy_mean
1315,62.0,67.2151371807001,dummy_mean
6211,63.0,67.2151371807001,dummy_mean
6115,67.0,67.2151371807001,dummy_mean
3130,66.0,67.2151371807001,dummy_mean
712,67.0,67.2151371807001,dummy_mean
1600,65.0,67.2151371807001,dummy_mean
5603,66.0,67.2151371807001,dummy_mean
6236,66.0,67.2151371807001,dummy_mean
265,66.0,67.2151371807001,dummy_mean
5340,63.0,67.2151371807001,dummy_mean
2932,61.0,67.2151371807001,dummy_mean
2540,66.0,67.2151371807001,dummy_mean
3318,69.0,67.2151371807001,dummy_mean
3971,63.0,67.2151371807001,dummy_mean
4366,63.0,67.2151371807001,dummy_mean
14,65.0,67.2151371807001,dummy_mean
2642,62.0,67.2151371807001,dummy_mean
2922,68.0,67.2151371807001,dummy_mean
747,65.0,67.2151371807001,dummy_mean
8,69.0,67.2151371807001,dummy_mean
3103,70.0,67.2151371807001,dummy_mean
2417,69.0,67.2151371807001,dummy_mean
332,64.0,67.2151371807001,dummy_mean
2952,67.0,67.2151371807001,dummy_mean
1393,71.0,67.2151371807001,dummy_mean
4471,74.0,67.2151371807001,dummy_mean
4094,71.0,67.2151371807001,dummy_mean
5852,68.0,67.2151371807001,dummy_mean
1410,75.0,67.2151371807001,dummy_mean
5081,68.0,67.2151371807001,dummy_mean
696,70.0,67.2151371807001,dummy_mean
4418,67.0,67.2151371807001,dummy_mean
6414,61.0,67.2151371807001,dummy_mean
2662,69.0,67.2151371807001,dummy_mean
3601,65.0,67.2151371807001,dummy_mean
932,65.0,67.2151371807001,dummy_mean
2410,65.0,67.2151371807001,dummy_mean
6537,71.0,67.2151371807001,dummy_mean
5640,70.0,67.2151371807001,dummy_mean
3034,68.0,67.2151371807001,dummy_mean
6447,70.0,67.2151371807001,dummy_mean
4239,69.0,67.2151371807001,dummy_mean
5951,62.0,67.2151371807001,dummy_mean
2517,62.0,67.2151371807001,dummy_mean
2107,69.0,67.2151371807001,dummy_mean
2905,66.0,67.2151371807001,dummy_mean
2276,64.0,67.2151371807001,dummy_mean
6603,69.0,67.2151371807001,dummy_mean
5113,62.0,67.2151371807001,dummy_mean
196,66.0,67.2151371807001,dummy_mean
1242,62.0,67.2151371807001,dummy_mean
1323,65.0,67.2151371807001,dummy_mean
6183,75.0,67.2151371807001,dummy_mean
3532,66.0,67.2151371807001,dummy_mean
432,66.0,67.2151371807001,dummy_mean
1864,74.0,67.2151371807001,dummy_mean
4483,63.0,67.2151371807001,dummy_mean
5884,61.0,67.2151371807001,dummy_mean
3606,68.0,67.2151371807001,dummy_mean
1558,70.0,67.2151371807001,dummy_mean
3008,67.0,67.2151371807001,dummy_mean
84,70.0,67.2151371807001,dummy_mean
4537,66.0,67.2151371807001,dummy_mean
3063,65.0,67.2151371807001,dummy_mean
4716,68.0,67.2151371807001,dummy_mean
425,71.0,67.2151371807001,dummy_mean
4349,68.0,67.2151371807001,dummy_mean
4147,74.0,67.2151371807001,dummy_mean
763,67.0,67.2151371807001,dummy_mean
2531,66.0,67.2151371807001,dummy_mean
5171,63.0,67.2151371807001,dummy_mean
604,66.0,67.2151371807001,dummy_mean
3832,69.0,67.2151371807001,dummy_mean
6308,65.0,67.2151371807001,dummy_mean
1079,70.0,67.2151371807001,dummy_mean
4567,68.0,67.2151371807001,dummy_mean
4813,66.0,67.2151371807001,dummy_mean
5120,62.0,67.2151371807001,dummy_mean
6058,69.0,67.2151371807001,dummy_mean
185,64.0,67.2151371807001,dummy_mean
5994,68.0,67.2151371807001,dummy_mean
3353,71.0,67.2151371807001,dummy_mean
4266,71.0,67.2151371807001,dummy_mean
3739,63.0,67.2151371807001,dummy_mean
4450,68.0,67.2151371807001,dummy_mean
5170,64.0,67.2151371807001,dummy_mean
486,66.0,67.2151371807001,dummy_mean
1768,70.0,67.2151371807001,dummy_mean
6490,68.0,67.2151371807001,dummy_mean
6221,71.0,67.2151371807001,dummy_mean
1611,64.0,67.2151371807001,dummy_mean
4252,69.0,67.2151371807001,dummy_mean
5729,64.0,67.2151371807001,dummy_mean
3184,69.0,67.2151371807001,dummy_mean
1835,69.0,67.2151371807001,dummy_mean
5696,69.0,67.2151371807001,dummy_mean
4587,65.0,67.2151371807001,dummy_mean
228,62.0,67.2151371807001,dummy_mean
5868,65.0,67.2151371807001,dummy_mean
3822,72.0,67.2151371807001,dummy_mean
6256,73.0,67.2151371807001,dummy_mean
3049,71.0,67.2151371807001,dummy_mean
4306,65.0,67.2151371807001,dummy_mean
6559,69.0,67.2151371807001,dummy_mean
4740,73.0,67.2151371807001,dummy_mean
5007,68.0,67.2151371807001,dummy_mean
4039,63.0,67.2151371807001,dummy_mean
2087,63.0,67.2151371807001,dummy_mean
2812,73.0,67.2151371807001,dummy_mean
2680,65.0,67.2151371807001,dummy_mean
4423,63.0,67.2151371807001,dummy_mean
2778,68.0,67.2151371807001,dummy_mean
4322,75.0,67.2151371807001,dummy_mean
3135,67.0,67.2151371807001,dummy_mean
3370,67.0,67.2151371807001,dummy_mean
254,67.0,67.2151371807001,dummy_mean
4102,69.0,67.2151371807001,dummy_mean
1786,71.0,67.2151371807001,dummy_mean
221,67.0,67.2151371807001,dummy_mean
3307,70.0,67.2151371807001,dummy_mean
1370,69.0,67.2151371807001,dummy_mean
65,68.0,67.2151371807001,dummy_mean
5866,60.0,67.2151371807001,dummy_mean
1894,62.0,67.2151371807001,dummy_mean
3488,69.0,67.2151371807001,dummy_mean
3527,74.0,67.2151371807001,dummy_mean
4428,67.0,67.2151371807001,dummy_mean
2879,68.0,67.2151371807001,dummy_mean
1002,64.0,67.2151371807001,dummy_mean
2715,62.0,67.2151371807001,dummy_mean
812,73.0,67.2151371807001,dummy_mean
1339,63.0,67.2151371807001,dummy_mean
2588,67.0,67.2151371807001,dummy_mean
5059,61.0,67.2151371807001,dummy_mean
3882,69.0,67.2151371807001,dummy_mean
5214,63.0,67.2151371807001,dummy_mean
5495,65.0,67.2151371807001,dummy_mean
2045,66.0,67.2151371807001,dummy_mean
1253,63.0,67.2151371807001,dummy_mean
4954,67.0,67.2151371807001,dummy_mean
6554,64.0,67.2151371807001,dummy_mean
3139,70.0,67.2151371807001,dummy_mean
1414,66.0,67.2151371807001,dummy_mean
376,70.0,67.2151371807001,dummy_mean
543,72.0,67.2151371807001,dummy_mean
1022,68.0,67.2151371807001,dummy_mean
2124,65.0,67.2151371807001,dummy_mean
291,65.0,67.2151371807001,dummy_mean
2815,70.0,67.2151371807001,dummy_mean
3939,62.0,67.2151371807001,dummy_mean
4747,61.0,67.2151371807001,dummy_mean
5547,70.0,67.2151371807001,dummy_mean
177,70.0,67.2151371807001,dummy_mean
5760,64.0,67.2151371807001,dummy_mean
2167,68.0,67.2151371807001,dummy_mean
6246,66.0,67.2151371807001,dummy_mean
4192,98.0,67.2151371807001,dummy_mean
501,74.0,67.2151371807001,dummy_mean
5646,65.0,67.2151371807001,dummy_mean
2115,64.0,67.2151371807001,dummy_mean
6193,69.0,67.2151371807001,dummy_mean
1905,69.0,67.2151371807001,dummy_mean
6107,67.0,67.2151371807001,dummy_mean
6460,69.0,67.2151371807001,dummy_mean
1057,70.0,67.2151371807001,dummy_mean
5290,75.0,67.2151371807001,dummy_mean
2233,71.0,67.2151371807001,dummy_mean
5133,72.0,67.2151371807001,dummy_mean
4011,62.0,67.2151371807001,dummy_mean
5055,71.0,67.2151371807001,dummy_mean
5160,68.0,67.2151371807001,dummy_mean
168,70.0,67.2151371807001,dummy_mean
3480,72.0,67.2151371807001,dummy_mean
5966,97.0,67.2151371807001,dummy_mean
5773,65.0,67.2151371807001,dummy_mean
736,67.0,67.2151371807001,dummy_mean
3808,65.0,67.2151371807001,dummy_mean
319,70.0,67.2151371807001,dummy_mean
4034,68.0,67.2151371807001,dummy_mean
1533,69.0,67.2151371807001,dummy_mean
4359,67.0,67.2151371807001,dummy_mean
245,67.0,67.2151371807001,dummy_mean
3240,72.0,67.2151371807001,dummy_mean
3382,67.0,67.2151371807001,dummy_mean
2118,65.0,67.2151371807001,dummy_mean
506,66.0,67.2151371807001,dummy_mean
1535,62.0,67.2151371807001,dummy_mean
5844,73.0,67.2151371807001,dummy_mean
216,68.0,67.2151371807001,dummy_mean
5692,72.0,67.2151371807001,dummy_mean
4240,62.0,67.2151371807001,dummy_mean
3165,62.0,67.2151371807001,dummy_mean
1893,73.0,67.2151371807001,dummy_mean
1617,69.0,67.2151371807001,dummy_mean
5406,68.0,67.2151371807001,dummy_mean
2446,67.0,67.2151371807001,dummy_mean
4291,67.0,67.2151371807001,dummy_mean
6436,65.0,67.2151371807001,dummy_mean
3035,69.0,67.2151371807001,dummy_mean
333,62.0,67.2151371807001,dummy_mean
3044,69.0,67.2151371807001,dummy_mean
6598,64.0,67.2151371807001,dummy_mean
4377,75.0,67.2151371807001,dummy_mean
5505,70.0,67.2151371807001,dummy_mean
6178,72.0,67.2151371807001,dummy_mean
2972,70.0,67.2151371807001,dummy_mean
6095,65.0,67.2151371807001,dummy_mean
746,66.0,67.2151371807001,dummy_mean
1945,68.0,67.2151371807001,dummy_mean
2251,70.0,67.2151371807001,dummy_mean
5341,67.0,67.2151371807001,dummy_mean
6043,69.0,67.2151371807001,dummy_mean
437,62.0,67.2151371807001,dummy_mean
347,60.0,67.2151371807001,dummy_mean
4339,65.0,67.2151371807001,dummy_mean
2199,66.0,67.2151371807001,dummy_mean
5743,65.0,67.2151371807001,dummy_mean
3258,64.0,67.2151371807001,dummy_mean
2164,71.0,67.2151371807001,dummy_mean
2316,71.0,67.2151371807001,dummy_mean
4010,68.0,67.2151371807001,dummy_mean
259,65.0,67.2151371807001,dummy_mean
5100,71.0,67.2151371807001,dummy_mean
1183,61.0,67.2151371807001,dummy_mean
3076,66.0,67.2151371807001,dummy_mean
2847,68.0,67.2151371807001,dummy_mean
3954,66.0,67.2151371807001,dummy_mean
4939,67.0,67.2151371807001,dummy_mean
5061,70.0,67.2151371807001,dummy_mean
6250,65.0,67.2151371807001,dummy_mean
599,69.0,67.2151371807001,dummy_mean
45,65.0,67.2151371807001,dummy_mean
4536,69.0,67.2151371807001,dummy_mean
6564,69.0,67.2151371807001,dummy_mean
3323,67.0,67.2151371807001,dummy_mean
5196,72.0,67.2151371807001,dummy_mean
5048,72.0,67.2151371807001,dummy_mean
323,69.0,67.2151371807001,dummy_mean
6262,66.0,67.2151371807001,dummy_mean
3166,67.0,67.2151371807001,dummy_mean
3133,66.0,67.2151371807001,dummy_mean
6317,65.0,67.2151371807001,dummy_mean
1514,71.0,67.2151371807001,dummy_mean
828,68.0,67.2151371807001,dummy_mean
6423,66.0,67.2151371807001,dummy_mean
1606,73.0,67.2151371807001,dummy_mean
231,64.0,67.2151371807001,dummy_mean
576,69.0,67.2151371807001,dummy_mean
1662,67.0,67.2151371807001,dummy_mean
2732,69.0,67.2151371807001,dummy_mean
3328,63.0,67.2151371807001,dummy_mean
447,64.0,67.2151371807001,dummy_mean
3915,66.0,67.2151371807001,dummy_mean
426,65.0,67.2151371807001,dummy_mean
2641,65.0,67.2151371807001,dummy_mean
2908,68.0,67.2151371807001,dummy_mean
410,69.0,67.2151371807001,dummy_mean
41,65.0,67.2151371807001,dummy_mean
5049,64.0,67.2151371807001,dummy_mean
1212,65.0,67.2151371807001,dummy_mean
4237,75.0,67.2151371807001,dummy_mean
1883,66.0,67.2151371807001,dummy_mean
1882,67.0,67.2151371807001,dummy_mean
5155,68.0,67.2151371807001,dummy_mean
5635,63.0,67.2151371807001,dummy_mean
6269,68.0,67.2151371807001,dummy_mean
5719,57.0,67.2151371807001,dummy_mean
1221,68.0,67.2151371807001,dummy_mean
19,66.0,67.2151371807001,dummy_mean
1471,68.0,67.2151371807001,dummy_mean
2034,72.0,67.2151371807001,dummy_mean
5451,65.0,67.2151371807001,dummy_mean
3422,64.0,67.2151371807001,dummy_mean
626,63.0,67.2151371807001,dummy_mean
1374,73.0,67.2151371807001,dummy_mean
6177,68.0,67.2151371807001,dummy_mean
199,67.0,67.2151371807001,dummy_mean
3365,71.0,67.2151371807001,dummy_mean
1743,69.0,67.2151371807001,dummy_mean
5487,67.0,67.2151371807001,dummy_mean
51,64.0,67.2151371807001,dummy_mean
3203,68.0,67.2151371807001,dummy_mean
2666,67.0,67.2151371807001,dummy_mean
1074,72.0,67.2151371807001,dummy_mean
5413,66.0,67.2151371807001,dummy_mean
5848,65.0,67.2151371807001,dummy_mean
2868,71.0,67.2151371807001,dummy_mean
1108,67.0,67.2151371807001,dummy_mean
101,65.0,67.2151371807001,dummy_mean
3544,68.0,67.2151371807001,dummy_mean
5598,67.0,67.2151371807001,dummy_mean
5489,69.0,67.2151371807001,dummy_mean
6601,65.0,67.2151371807001,dummy_mean
5065,72.0,67.2151371807001,dummy_mean
1618,69.0,67.2151371807001,dummy_mean
620,62.0,67.2151371807001,dummy_mean
2398,67.0,67.2151371807001,dummy_mean
2057,70.0,67.2151371807001,dummy_mean
5821,70.0,67.2151371807001,dummy_mean
2770,64.0,67.2151371807001,dummy_mean
1971,65.0,67.2151371807001,dummy_mean
1321,71.0,67.2151371807001,dummy_mean
2020,71.0,67.2151371807001,dummy_mean
5111,70.0,67.2151371807001,dummy_mean
672,70.0,67.2151371807001,dummy_mean
5597,66.0,67.2151371807001,dummy_mean
4900,65.0,67.2151371807001,dummy_mean
2407,68.0,67.2151371807001,dummy_mean
5277,64.0,67.2151371807001,dummy_mean
2697,63.0,67.2151371807001,dummy_mean
705,69.0,67.2151371807001,dummy_mean
4374,69.0,67.2151371807001,dummy_mean
3740,66.0,67.2151371807001,dummy_mean
1352,70.0,67.2151371807001,dummy_mean
2991,72.0,67.2151371807001,dummy_mean
2415,64.0,67.2151371807001,dummy_mean
3806,68.0,67.2151371807001,dummy_mean
2271,62.0,67.2151371807001,dummy_mean
1879,65.0,67.2151371807001,dummy_mean
4446,71.0,67.2151371807001,dummy_mean
527,68.0,67.2151371807001,dummy_mean
3433,69.0,67.2151371807001,dummy_mean
2462,68.0,67.2151371807001,dummy_mean
3824,67.0,67.2151371807001,dummy_mean
565,66.0,67.2151371807001,dummy_mean
586,67.0,67.2151371807001,dummy_mean
3078,66.0,67.2151371807001,dummy_mean
1097,61.0,67.2151371807001,dummy_mean
1176,67.0,67.2151371807001,dummy_mean
5763,59.0,67.2151371807001,dummy_mean
5679,64.0,67.2151371807001,dummy_mean
1149,68.0,67.2151371807001,dummy_mean
1188,68.0,67.2151371807001,dummy_mean
730,70.0,67.2151371807001,dummy_mean
5621,67.0,67.2151371807001,dummy_mean
4689,70.0,67.2151371807001,dummy_mean
3295,64.0,67.2151371807001,dummy_mean
3131,60.0,67.2151371807001,dummy_mean
408,65.0,67.2151371807001,dummy_mean
6487,71.0,67.2151371807001,dummy_mean
325,68.0,67.2151371807001,dummy_mean
3698,71.0,67.2151371807001,dummy_mean
3964,66.0,67.2151371807001,dummy_mean
2252,63.0,67.2151371807001,dummy_mean
290,65.0,67.2151371807001,dummy_mean
5678,71.0,67.2151371807001,dummy_mean
1859,65.0,67.2151371807001,dummy_mean
1803,68.0,67.2151371807001,dummy_mean
3655,65.0,67.2151371807001,dummy_mean
2338,65.0,67.2151371807001,dummy_mean
1487,63.0,67.2151371807001,dummy_mean
3127,68.0,67.2151371807001,dummy_mean
1446,69.0,67.2151371807001,dummy_mean
5664,63.0,67.2151371807001,dummy_mean
6059,69.0,67.2151371807001,dummy_mean
2705,70.0,67.2151371807001,dummy_mean
864,69.0,67.2151371807001,dummy_mean
4351,67.0,67.2151371807001,dummy_mean
5798,66.0,67.2151371807001,dummy_mean
1039,72.0,67.2151371807001,dummy_mean
3393,68.0,67.2151371807001,dummy_mean
4290,71.0,67.2151371807001,dummy_mean
3758,64.0,67.2151371807001,dummy_mean
4862,63.0,67.2151371807001,dummy_mean
371,71.0,67.2151371807001,dummy_mean
1042,65.0,67.2151371807001,dummy_mean
1608,67.0,67.2151371807001,dummy_mean
4217,67.0,67.2151371807001,dummy_mean
4490,68.0,67.2151371807001,dummy_mean
994,66.0,67.2151371807001,dummy_mean
2471,71.0,67.2151371807001,dummy_mean
1672,70.0,67.2151371807001,dummy_mean
2406,60.0,67.2151371807001,dummy_mean
5137,67.0,67.2151371807001,dummy_mean
4480,66.0,67.2151371807001,dummy_mean
3362,67.0,67.2151371807001,dummy_mean
1902,68.0,67.2151371807001,dummy_mean
3355,63.0,67.2151371807001,dummy_mean
2997,68.0,67.2151371807001,dummy_mean
4783,64.0,67.2151371807001,dummy_mean
4215,68.0,67.2151371807001,dummy_mean
5647,70.0,67.2151371807001,dummy_mean
1615,77.0,67.2151371807001,dummy_mean
4100,70.0,67.2151371807001,dummy_mean
5973,66.0,67.2151371807001,dummy_mean
1467,70.0,67.2151371807001,dummy_mean
2344,63.0,67.2151371807001,dummy_mean
742,69.0,67.2151371807001,dummy_mean
3491,63.0,67.2151371807001,dummy_mean
4733,68.0,67.2151371807001,dummy_mean
1511,68.0,67.2151371807001,dummy_mean
5617,71.0,67.2151371807001,dummy_mean
2431,62.0,67.2151371807001,dummy_mean
3612,64.0,67.2151371807001,dummy_mean
2548,67.0,67.2151371807001,dummy_mean
122,71.0,67.2151371807001,dummy_mean
3575,67.0,67.2151371807001,dummy_mean
5989,80.0,67.2151371807001,dummy_mean
3938,71.0,67.2151371807001,dummy_mean
4251,68.0,67.2151371807001,dummy_mean
1419,70.0,67.2151371807001,dummy_mean
6446,65.0,67.2151371807001,dummy_mean
4909,63.0,67.2151371807001,dummy_mean
4273,63.0,67.2151371807001,dummy_mean
4087,66.0,67.2151371807001,dummy_mean
4506,69.0,67.2151371807001,dummy_mean
1897,66.0,67.2151371807001,dummy_mean
4815,72.0,67.2151371807001,dummy_mean
439,65.0,67.2151371807001,dummy_mean
4456,69.0,67.2151371807001,dummy_mean
2018,70.0,67.2151371807001,dummy_mean
3742,66.0,67.2151371807001,dummy_mean
5711,67.0,67.2151371807001,dummy_mean
2119,65.0,67.2151371807001,dummy_mean
1345,67.0,67.2151371807001,dummy_mean
2550,60.0,67.2151371807001,dummy_mean
4620,69.0,67.2151371807001,dummy_mean
1765,65.0,67.2151371807001,dummy_mean
1215,69.0,67.2151371807001,dummy_mean
6222,67.0,67.2151371807001,dummy_mean
3337,72.0,67.2151371807001,dummy_mean
2226,74.0,67.2151371807001,dummy_mean
5075,71.0,67.2151371807001,dummy_mean
2077,68.0,67.2151371807001,dummy_mean
3026,71.0,67.2151371807001,dummy_mean
2628,67.0,67.2151371807001,dummy_mean
1575,67.0,67.2151371807001,dummy_mean
4522,72.0,67.2151371807001,dummy_mean
5595,65.0,67.2151371807001,dummy_mean
2229,67.0,67.2151371807001,dummy_mean
2272,69.0,67.2151371807001,dummy_mean
3303,66.0,67.2151371807001,dummy_mean
279,69.0,67.2151371807001,dummy_mean
2653,71.0,67.2151371807001,dummy_mean
6489,67.0,67.2151371807001,dummy_mean
4350,67.0,67.2151371807001,dummy_mean
2317,68.0,67.2151371807001,dummy_mean
3722,62.0,67.2151371807001,dummy_mean
5690,65.0,67.2151371807001,dummy_mean
3929,72.0,67.2151371807001,dummy_mean
1115,69.0,67.2151371807001,dummy_mean
6224,70.0,67.2151371807001,dummy_mean
2575,61.0,67.2151371807001,dummy_mean
2418,69.0,67.2151371807001,dummy_mean
5020,63.0,67.2151371807001,dummy_mean
5388,68.0,67.2151371807001,dummy_mean
4269,72.0,67.2151371807001,dummy_mean
4230,64.0,67.2151371807001,dummy_mean
6003,68.0,67.2151371807001,dummy_mean
6129,61.0,67.2151371807001,dummy_mean
3829,67.0,67.2151371807001,dummy_mean
6602,68.0,67.2151371807001,dummy_mean
577,71.0,67.2151371807001,dummy_mean
5152,65.0,67.2151371807001,dummy_mean
5164,74.0,67.2151371807001,dummy_mean
787,68.0,67.2151371807001,dummy_mean
1721,64.0,67.2151371807001,dummy_mean
1656,64.0,67.2151371807001,dummy_mean
4697,76.0,67.2151371807001,dummy_mean
3113,65.0,67.2151371807001,dummy_mean
4184,67.0,67.2151371807001,dummy_mean
1261,64.0,67.2151371807001,dummy_mean
4778,66.0,67.2151371807001,dummy_mean
3662,68.0,67.2151371807001,dummy_mean
2333,69.0,67.2151371807001,dummy_mean
3545,67.0,67.2151371807001,dummy_mean
3893,61.0,67.2151371807001,dummy_mean
321,68.0,67.2151371807001,dummy_mean
3916,65.0,67.2151371807001,dummy_mean
473,72.0,67.2151371807001,dummy_mean
3733,69.0,67.2151371807001,dummy_mean
5033,70.0,67.2151371807001,dummy_mean
4076,65.0,67.2151371807001,dummy_mean
4059,62.0,67.2151371807001,dummy_mean
1831,68.0,67.2151371807001,dummy_mean
4081,70.0,67.2151371807001,dummy_mean
2328,64.0,67.2151371807001,dummy_mean
4194,63.0,67.2151371807001,dummy_mean
5908,72.0,67.2151371807001,dummy_mean
420,68.0,67.2151371807001,dummy_mean
4589,66.0,67.2151371807001,dummy_mean
553,72.0,67.2151371807001,dummy_mean
5537,63.0,67.2151371807001,dummy_mean
1916,70.0,67.2151371807001,dummy_mean
2706,67.0,67.2151371807001,dummy_mean
5946,66.0,67.2151371807001,dummy_mean
1695,71.0,67.2151371807001,dummy_mean
3691,70.0,67.2151371807001,dummy_mean
1195,71.0,67.2151371807001,dummy_mean
2191,73.0,67.2151371807001,dummy_mean
1163,64.0,67.2151371807001,dummy_mean
6451,68.0,67.2151371807001,dummy_mean
181,65.0,67.2151371807001,dummy_mean
3082,70.0,67.2151371807001,dummy_mean
794,66.0,67.2151371807001,dummy_mean
4074,64.0,67.2151371807001,dummy_mean
6475,64.0,67.2151371807001,dummy_mean
1144,66.0,67.2151371807001,dummy_mean
2895,71.0,67.2151371807001,dummy_mean
4072,66.0,67.2151371807001,dummy_mean
4760,63.0,67.2151371807001,dummy_mean
530,66.0,67.2151371807001,dummy_mean
710,67.0,67.2151371807001,dummy_mean
3958,68.0,67.2151371807001,dummy_mean
4512,63.0,67.2151371807001,dummy_mean
5548,66.0,67.2151371807001,dummy_mean
3463,71.0,67.2151371807001,dummy_mean
1817,63.0,67.2151371807001,dummy_mean
907,71.0,67.2151371807001,dummy_mean
3100,69.0,67.2151371807001,dummy_mean
5958,66.0,67.2151371807001,dummy_mean
4568,69.0,67.2151371807001,dummy_mean
1954,72.0,67.2151371807001,dummy_mean
3379,60.0,67.2151371807001,dummy_mean
2699,72.0,67.2151371807001,dummy_mean
926,68.0,67.2151371807001,dummy_mean
3346,68.0,67.2151371807001,dummy_mean
4928,70.0,67.2151371807001,dummy_mean
15,64.0,67.2151371807001,dummy_mean
5963,63.0,67.2151371807001,dummy_mean
315,69.0,67.2151371807001,dummy_mean
2132,73.0,67.2151371807001,dummy_mean
4678,73.0,67.2151371807001,dummy_mean
2031,65.0,67.2151371807001,dummy_mean
3248,64.0,67.2151371807001,dummy_mean
4981,68.0,67.2151371807001,dummy_mean
1199,71.0,67.2151371807001,dummy_mean
1330,71.0,67.2151371807001,dummy_mean
5570,66.0,67.2151371807001,dummy_mean
5479,72.0,67.2151371807001,dummy_mean
5234,70.0,67.2151371807001,dummy_mean
4162,66.0,67.2151371807001,dummy_mean
2264,67.0,67.2151371807001,dummy_mean
3172,66.0,67.2151371807001,dummy_mean
1862,65.0,67.2151371807001,dummy_mean
4945,72.0,67.2151371807001,dummy_mean
4872,63.0,67.2151371807001,dummy_mean
1354,64.0,67.2151371807001,dummy_mean
2600,65.0,67.2151371807001,dummy_mean
6428,68.0,67.2151371807001,dummy_mean
6599,70.0,67.2151371807001,dummy_mean
1623,66.0,67.2151371807001,dummy_mean
1032,68.0,67.2151371807001,dummy_mean
5174,67.0,67.2151371807001,dummy_mean
3429,68.0,67.2151371807001,dummy_mean
1158,67.0,67.2151371807001,dummy_mean
5970,72.0,67.2151371807001,dummy_mean
1010,71.0,67.2151371807001,dummy_mean
3693,66.0,67.2151371807001,dummy_mean
3536,65.0,67.2151371807001,dummy_mean
691,66.0,67.2151371807001,dummy_mean
533,65.0,67.2151371807001,dummy_mean
4012,66.0,67.2151371807001,dummy_mean
3689,69.0,67.2151371807001,dummy_mean
652,70.0,67.2151371807001,dummy_mean
33,61.0,67.2151371807001,dummy_mean
1426,72.0,67.2151371807001,dummy_mean
44,68.0,67.2151371807001,dummy_mean
5218,66.0,67.2151371807001,dummy_mean
6204,66.0,67.2151371807001,dummy_mean
964,64.0,67.2151371807001,dummy_mean
5313,69.0,67.2151371807001,dummy_mean
6589,70.0,67.2151371807001,dummy_mean
3787,68.0,67.2151371807001,dummy_mean
4773,64.0,67.2151371807001,dummy_mean
5552,62.0,67.2151371807001,dummy_mean
3815,58.0,67.2151371807001,dummy_mean
4906,70.0,67.2151371807001,dummy_mean
3204,70.0,67.2151371807001,dummy_mean
2022,67.0,67.2151371807001,dummy_mean
3269,68.0,67.2151371807001,dummy_mean
63,67.0,67.2151371807001,dummy_mean
1044,66.0,67.2151371807001,dummy_mean
2347,65.0,67.2151371807001,dummy_mean
2759,70.0,67.2151371807001,dummy_mean
227,62.0,67.2151371807001,dummy_mean
3837,66.0,67.2151371807001,dummy_mean
2687,87.0,67.2151371807001,dummy_mean
3817,69.0,67.2151371807001,dummy_mean
969,62.0,67.2151371807001,dummy_mean
4303,71.0,67.2151371807001,dummy_mean
1963,74.0,67.2151371807001,dummy_mean
1433,65.0,67.2151371807001,dummy_mean
2707,71.0,67.2151371807001,dummy_mean
1483,65.0,67.2151371807001,dummy_mean
5132,68.0,67.2151371807001,dummy_mean
5862,68.0,67.2151371807001,dummy_mean
6578,64.0,67.2151371807001,dummy_mean
2678,68.0,67.2151371807001,dummy_mean
1703,71.0,67.2151371807001,dummy_mean
3542,65.0,67.2151371807001,dummy_mean
3504,64.0,67.2151371807001,dummy_mean
3961,72.0,67.2151371807001,dummy_mean
1512,59.0,67.2151371807001,dummy_mean
4257,64.0,67.2151371807001,dummy_mean
3692,64.0,67.2151371807001,dummy_mean
4531,93.0,67.2151371807001,dummy_mean
2883,67.0,67.2151371807001,dummy_mean
2465,70.0,67.2151371807001,dummy_mean
1297,67.0,67.2151371807001,dummy_mean
4140,67.0,67.2151371807001,dummy_mean
1992,68.0,67.2151371807001,dummy_mean
5900,72.0,67.2151371807001,dummy_mean
4655,70.0,67.2151371807001,dummy_mean
2949,63.0,67.2151371807001,dummy_mean
641,73.0,67.2151371807001,dummy_mean
6013,74.0,67.2151371807001,dummy_mean
4722,66.0,67.2151371807001,dummy_mean
297,63.0,67.2151371807001,dummy_mean
303,63.0,67.2151371807001,dummy_mean
4235,61.0,67.2151371807001,dummy_mean
2906,67.0,67.2151371807001,dummy_mean
2754,65.0,67.2151371807001,dummy_mean
3773,63.0,67.2151371807001,dummy_mean
3317,68.0,67.2151371807001,dummy_mean
655,62.0,67.2151371807001,dummy_mean
5733,68.0,67.2151371807001,dummy_mean
3705,64.0,67.2151371807001,dummy_mean
6064,66.0,67.2151371807001,dummy_mean
240,65.0,67.2151371807001,dummy_mean
783,62.0,67.2151371807001,dummy_mean
1018,66.0,67.2151371807001,dummy_mean
4092,66.0,67.2151371807001,dummy_mean
977,64.0,67.2151371807001,dummy_mean
1805,67.0,67.2151371807001,dummy_mean
3792,66.0,67.2151371807001,dummy_mean
6118,72.0,67.2151371807001,dummy_mean
257,65.0,67.2151371807001,dummy_mean
893,66.0,67.2151371807001,dummy_mean
4561,72.0,67.2151371807001,dummy_mean
6088,66.0,67.2151371807001,dummy_mean
5803,74.0,67.2151371807001,dummy_mean
3658,68.0,67.2151371807001,dummy_mean
6281,69.0,67.2151371807001,dummy_mean
4229,68.0,67.2151371807001,dummy_mean
5528,70.0,67.2151371807001,dummy_mean
4434,69.0,67.2151371807001,dummy_mean
1620,73.0,67.2151371807001,dummy_mean
1886,66.0,67.2151371807001,dummy_mean
5202,69.0,67.2151371807001,dummy_mean
1550,68.0,67.2151371807001,dummy_mean
5303,64.0,67.2151371807001,dummy_mean
1412,63.0,67.2151371807001,dummy_mean
2215,65.0,67.2151371807001,dummy_mean
2114,73.0,67.2151371807001,dummy_mean
3699,67.0,67.2151371807001,dummy_mean
6144,70.0,67.2151371807001,dummy_mean
1371,66.0,67.2151371807001,dummy_mean
1420,66.0,67.2151371807001,dummy_mean
5610,64.0,67.2151371807001,dummy_mean
1092,70.0,67.2151371807001,dummy_mean
4595,70.0,67.2151371807001,dummy_mean
124,68.0,67.2151371807001,dummy_mean
2927,68.0,67.2151371807001,dummy_mean
5527,70.0,67.2151371807001,dummy_mean
3921,71.0,67.2151371807001,dummy_mean
2155,64.0,67.2151371807001,dummy_mean
2447,71.0,67.2151371807001,dummy_mean
2795,67.0,67.2151371807001,dummy_mean
598,69.0,67.2151371807001,dummy_mean
75,66.0,67.2151371807001,dummy_mean
5937,64.0,67.2151371807001,dummy_mean
5400,62.0,67.2151371807001,dummy_mean
1870,67.0,67.2151371807001,dummy_mean
5066,65.0,67.2151371807001,dummy_mean
4424,62.0,67.2151371807001,dummy_mean
149,72.0,67.2151371807001,dummy_mean
453,72.0,67.2151371807001,dummy_mean
6373,66.0,67.2151371807001,dummy_mean
3256,65.0,67.2151371807001,dummy_mean
5483,70.0,67.2151371807001,dummy_mean
808,68.0,67.2151371807001,dummy_mean
1335,72.0,67.2151371807001,dummy_mean
3439,63.0,67.2151371807001,dummy_mean
1119,69.0,67.2151371807001,dummy_mean
810,70.0,67.2151371807001,dummy_mean
1129,65.0,67.2151371807001,dummy_mean
834,72.0,67.2151371807001,dummy_mean
2882,64.0,67.2151371807001,dummy_mean
5064,67.0,67.2151371807001,dummy_mean
6314,70.0,67.2151371807001,dummy_mean
1507,71.0,67.2151371807001,dummy_mean
1225,69.0,67.2151371807001,dummy_mean
1362,67.0,67.2151371807001,dummy_mean
1940,67.0,67.2151371807001,dummy_mean
4984,70.0,67.2151371807001,dummy_mean
3487,67.0,67.2151371807001,dummy_mean
3786,65.0,67.2151371807001,dummy_mean
4609,62.0,67.2151371807001,dummy_mean
2157,73.0,67.2151371807001,dummy_mean
1027,63.0,67.2151371807001,dummy_mean
2689,72.0,67.2151371807001,dummy_mean
6324,64.0,67.2151371807001,dummy_mean
349,67.0,67.2151371807001,dummy_mean
1747,67.0,67.2151371807001,dummy_mean
662,63.0,67.2151371807001,dummy_mean
172,66.0,67.2151371807001,dummy_mean
1263,63.0,67.2151371807001,dummy_mean
4253,68.0,67.2151371807001,dummy_mean
422,69.0,67.2151371807001,dummy_mean
6441,69.0,67.2151371807001,dummy_mean
5676,70.0,67.2151371807001,dummy_mean
881,67.0,67.2151371807001,dummy_mean
4163,67.0,67.2151371807001,dummy_mean
5813,69.0,67.2151371807001,dummy_mean
4674,71.0,67.2151371807001,dummy_mean
4606,68.0,67.2151371807001,dummy_mean
4078,64.0,67.2151371807001,dummy_mean
102,65.0,67.2151371807001,dummy_mean
5242,66.0,67.2151371807001,dummy_mean
1860,67.0,67.2151371807001,dummy_mean
3316,70.0,67.2151371807001,dummy_mean
3116,72.0,67.2151371807001,dummy_mean
4198,65.0,67.2151371807001,dummy_mean
6570,70.0,67.2151371807001,dummy_mean
4526,61.0,67.2151371807001,dummy_mean
5380,67.0,67.2151371807001,dummy_mean
135,67.0,67.2151371807001,dummy_mean
1593,71.0,67.2151371807001,dummy_mean
3319,73.0,67.2151371807001,dummy_mean
5930,61.0,67.2151371807001,dummy_mean
4387,66.0,67.2151371807001,dummy_mean
3855,64.0,67.2151371807001,dummy_mean
3252,69.0,67.2151371807001,dummy_mean
1801,68.0,67.2151371807001,dummy_mean
4856,66.0,67.2151371807001,dummy_mean
3891,70.0,67.2151371807001,dummy_mean
807,70.0,67.2151371807001,dummy_mean
462,63.0,67.2151371807001,dummy_mean
879,70.0,67.2151371807001,dummy_mean
6114,66.0,67.2151371807001,dummy_mean
3475,62.0,67.2151371807001,dummy_mean
4956,68.0,67.2151371807001,dummy_mean
3396,73.0,67.2151371807001,dummy_mean
5683,71.0,67.2151371807001,dummy_mean
799,69.0,67.2151371807001,dummy_mean
354,68.0,67.2151371807001,dummy_mean
4420,69.0,67.2151371807001,dummy_mean
1073,65.0,67.2151371807001,dummy_mean
4680,65.0,67.2151371807001,dummy_mean
144,65.0,67.2151371807001,dummy_mean
380,63.0,67.2151371807001,dummy_mean
2098,65.0,67.2151371807001,dummy_mean
5216,66.0,67.2151371807001,dummy_mean
121,65.0,67.2151371807001,dummy_mean
3153,68.0,67.2151371807001,dummy_mean
418,67.0,67.2151371807001,dummy_mean
5027,71.0,67.2151371807001,dummy_mean
5190,68.0,67.2151371807001,dummy_mean
3708,69.0,67.2151371807001,dummy_mean
1961,69.0,67.2151371807001,dummy_mean
1595,66.0,67.2151371807001,dummy_mean
555,69.0,67.2151371807001,dummy_mean
3574,64.0,67.2151371807001,dummy_mean
3090,66.0,67.2151371807001,dummy_mean
4866,61.0,67.2151371807001,dummy_mean
4080,71.0,67.2151371807001,dummy_mean
1272,64.0,67.2151371807001,dummy_mean
6480,64.0,67.2151371807001,dummy_mean
4466,71.0,67.2151371807001,dummy_mean
6024,68.0,67.2151371807001,dummy_mean
6416,61.0,67.2151371807001,dummy_mean
6427,68.0,67.2151371807001,dummy_mean
6135,63.0,67.2151371807001,dummy_mean
4690,65.0,67.2151371807001,dummy_mean
6376,68.0,67.2151371807001,dummy_mean
2763,65.0,67.2151371807001,dummy_mean
4110,70.0,67.2151371807001,dummy_mean
5544,67.0,67.2151371807001,dummy_mean
4709,69.0,67.2151371807001,dummy_mean
3664,72.0,67.2151371807001,dummy_mean
5231,66.0,67.2151371807001,dummy_mean
1773,63.0,67.2151371807001,dummy_mean
5782,72.0,67.2151371807001,dummy_mean
