row_id,y_true,y_pred
743,65.0,64.53170832531585
5551,65.0,65.26264968202716
3442,71.0,71.53381211946929
6571,64.0,64.27144244043404
4204,66.0,66.52457219566624
2516,66.0,66.6190471672871
4047,72.0,72.457721092876
1706,66.0,66.4975290934261
1075,70.0,69.98527383253627
233,70.0,70.13357625407507
2802,66.0,66.45640927316994
3264,72.0,72.3347023381651
4712,66.0,66.3879136304255
5849,64.0,64.0147635852246
1919,65.0,64.79711100393067
1543,63.0,63.612470313661724
1005,63.0,63.2307030475489
3187,74.0,74.04439259242679
2987,66.0,65.87092711274992
6357,69.0,68.97408810729316
5359,67.0,67.3498230848158
5385,70.0,69.97031859326682
61,62.0,61.73211845743675
4560,63.0,63.41765516616012
4730,66.0,65.8976640494838
6389,74.0,74.14452318432181
3414,70.0,70.65071708740679
5072,71.0,71.36686642971254
217,89.0,60.98804638805834
2955,71.0,70.6957707866689
2357,70.0,70.28210771483543
3718,65.0,65.43857516397063
476,67.0,67.68182560735306
1101,55.0,55.393269455633046
6192,64.0,64.52102009614454
3181,67.0,67.05234252618865
6498,71.0,70.92831838568426
5818,71.0,71.48376296367452
4500,66.0,65.97633280020659
511,69.0,69.54546366978457
6345,63.0,63.58714560296798
4775,65.0,65.82375560413392
3458,66.0,66.25649201793868
247,64.0,64.46298327918649
3065,65.0,64.96359087753852
3405,67.0,67.32911166499863
5272,64.0,63.99095968441195
5540,70.0,69.60188357430131
4602,67.0,67.61303640351932
3982,73.0,73.59903419515715
4267,62.0,62.5771930455786
3483,67.0,66.88234081306535
5650,61.0,61.67909038484471
230,69.0,68.70077912586616
31,69.0,69.37734301272793
5901,60.0,60.76000998668641
4093,63.0,63.53623223673212
3246,68.0,68.41385827865267
4553,66.0,65.91147279400683
2925,70.0,70.59565620407798
1084,72.0,72.3713198261407
5302,72.0,72.31053773133235
4160,67.0,67.26705793925603
5538,67.0,67.00633654084072
3286,61.0,61.22198250466759
17,65.0,65.14690185967223
6316,75.0,74.90640195229595
5038,65.0,65.25385632983362
5317,67.0,67.3193636353769
6206,70.0,70.40220955140855
1328,62.0,61.97139655385226
5381,67.0,66.68501013063873
4161,65.0,64.92958278438121
1973,70.0,69.44348491995794
4084,73.0,72.64843385066787
2168,64.0,64.69914087911586
4279,64.0,63.67343368104684
5333,67.0,67.31567281708048
2509,64.0,64.54018221072842
5345,69.0,68.82336738930832
96,62.0,62.0200477886071
2510,66.0,66.42480046379477
3159,73.0,73.34321144325313
5562,71.0,70.92214069502387
4986,70.0,69.68232974491468
2722,60.0,60.027400545480134
2647,62.0,63.00590387489399
3149,70.0,69.92615963256183
4028,73.0,73.1898384680331
6415,66.0,65.98591892328379
2112,68.0,67.78009775844379
3017,63.0,62.742902365275754
2851,71.0,71.70074614444891
3707,72.0,72.53258541674552
3053,64.0,64.28249482881672
5482,67.0,67.00161531316292
4545,70.0,70.63248929941304
2859,69.0,68.71286606822271
2684,67.0,67.41193606874133
1599,67.0,67.21065249673019
6080,75.0,75.26393550940276
2594,71.0,70.68365925479632
6421,69.0,69.15409641978684
93,69.0,69.38616709298127
3538,69.0,69.15241933939669
5328,67.0,67.39593110248731
6375,68.0,68.01708451383607
393,75.0,74.52385632126514
5374,72.0,72.52975172525824
4692,69.0,68.91660326825827
3782,62.0,62.68491959094712
1400,64.0,64.12705967648449
2543,68.0,67.53329412882829
3995,63.0,63.48279144258156
4930,72.0,72.05431428478997
1964,69.0,68.6393868350021
435,66.0,65.66915978586223
4043,65.0,65.45313430909735
2825,71.0,70.78691924431413
982,62.0,62.46682150045538
3299,71.0,71.32023129464295
2441,67.0,66.57430569044642
1425,66.0,66.08013149392352
4656,62.0,62.42979843665503
561,75.0,74.66176760452964
1858,71.0,71.39094209523519
1730,62.0,62.516269384772876
2389,67.0,67.6073401242995
2388,71.0,70.96198694180424
4607,71.0,71.3362103072055
2521,74.0,74.35981042173907
324,66.0,66.1461570377225
3478,70.0,70.04071134175594
1839,67.0,67.05705934144414
549,64.0,63.82704459087198
2799,69.0,69.68684768645093
5501,71.0,70.56578416923712
2476,62.0,62.6047920902761
2742,65.0,64.82628120064426
6530,72.0,71.90249455604337
6408,68.0,68.0185574090178
2876,65.0,65.15517953514407
6367,65.0,65.17080923820939
3102,67.0,67.12808243066752
2387,69.0,69.21344794259333
611,63.0,63.10907095438612
2765,66.0,66.00189871806681
4520,68.0,67.90415951300547
263,65.0,64.95309716045348
5168,59.0,59.39191952121986
23,66.0,65.79882102319273
3207,65.0,65.10147730285338
239,67.0,67.63979117937357
4528,62.0,62.722375197909855
3613,71.0,70.55314116347171
3539,65.0,64.95394464671664
1485,68.0,68.07573021974781
5842,62.0,62.16417614437479
6223,72.0,71.48228543830047
3206,65.0,65.02547623556951
2663,69.0,68.83275185016147
5281,64.0,64.303525599031
132,63.0,63.4582703593286
3408,63.0,63.4806049444598
2268,63.0,62.99202362961786
3877,69.0,69.67671429856955
3105,66.0,65.58042228380691
491,70.0,70.23610544224286
503,70.0,69.93364893793694
3555,71.0,70.85465271818737
3519,59.0,58.879214703000706
2080,67.0,67.05586820469708
6014,68.0,68.57196549672929
764,67.0,67.43764797756089
2526,66.0,66.02334929489189
2877,65.0,64.73093116634229
3978,65.0,65.5806391170721
3497,62.0,62.65605089487249
1632,69.0,69.27763806291136
5013,67.0,66.69305209606244
2902,68.0,67.97973058442605
6404,65.0,64.92066980242733
5227,67.0,67.1595377171657
1488,65.0,65.39410981157027
2183,69.0,69.37092999152739
5478,68.0,68.07870131057848
3732,61.0,61.05867323016165
2131,68.0,67.96626966443925
5673,73.0,73.47666962665514
1360,68.0,68.51126508505932
6125,59.0,59.79185424825613
3196,69.0,68.8841906407683
5416,67.0,66.66609592321252
1468,63.0,63.57655057782191
6212,61.0,61.65277257021651
535,69.0,68.8725556334888
2345,66.0,66.09919318480664
401,63.0,62.47606919875978
2053,71.0,70.72425502915712
6238,70.0,69.79333421384175
6426,65.0,65.7335100405017
4438,67.0,66.48806215049343
2210,65.0,64.58989606705043
1669,67.0,67.46698754826984
1038,68.0,67.9509124687688
1406,68.0,68.08946797998115
4979,62.0,62.30831692411565
6110,71.0,71.65645335202048
3193,69.0,69.25498050762842
6200,70.0,70.2558693311819
5121,72.0,71.89288844100156
3357,58.0,58.452992707730616
80,65.0,65.23448810950742
2574,75.0,74.77507453399039
4975,68.0,68.04458985385538
2596,62.0,61.82882063523505
5594,74.0,74.1118206064926
6042,67.0,65.98746927204981
3014,68.0,68.52129673525083
1840,68.0,68.4234076323886
6272,65.0,64.95875572235661
1235,72.0,72.36805010632449
3749,66.0,65.89712905207242
3846,68.0,67.87317138323893
5099,70.0,69.9927221313631
6511,68.0,68.36804455362461
3856,60.0,60.71818045805979
2618,72.0,71.9025035101458
3377,61.0,61.07591925695119
5967,67.0,66.84946472783137
1544,62.0,61.77280551701291
2842,69.0,68.87746364634823
4393,64.0,64.04082364527147
2138,67.0,66.89872864494706
5035,75.0,74.555328793257
5785,71.0,71.85471053915967
4125,67.0,67.05563029270107
3785,70.0,70.0519049910549
1161,75.0,75.50769730025874
4837,66.0,66.55461683089625
538,64.0,64.6800674604195
4299,64.0,64.0978851530672
5563,68.0,68.21376191353328
3298,65.0,65.59277611473033
5579,63.0,62.99096487633259
625,63.0,62.736071584511535
5289,67.0,67.29060771671881
2943,66.0,66.07907435968602
2650,68.0,68.33410154280477
4427,68.0,67.86023522048285
5677,70.0,69.9021171054572
496,70.0,70.04793014139571
4055,64.0,64.26777738562902
3946,68.0,67.94421573163747
3979,67.0,66.87660638365033
1918,66.0,66.6896622356564
1807,70.0,69.67464065519373
4605,66.0,66.58988386728576
1046,73.0,73.01497546930963
1405,64.0,64.46185586400988
1421,73.0,73.48813416203636
1385,68.0,68.91014835141841
381,61.0,60.68924617594873
6318,66.0,66.31735332991578
3467,65.0,65.48687064283932
4189,65.0,65.09768136254192
5715,66.0,66.46578192206044
1499,69.0,69.41077482000368
3651,66.0,66.36035068904292
3426,65.0,65.05600330135489
5439,67.0,67.25418761682309
6377,71.0,70.52524221089135
3250,70.0,69.33427084670276
2576,68.0,67.84622090708888
3378,61.0,60.70281468250919
5123,68.0,68.63242690889908
3438,64.0,64.72960512519249
3399,68.0,68.74291295203905
88,71.0,71.54664869459862
3296,68.0,67.54656936557586
833,63.0,63.05125580224948
6120,68.0,68.32628493036405
1056,70.0,70.15576786758584
156,72.0,72.72622088333212
1694,63.0,63.27315811434503
1153,62.0,62.913506496016936
5253,64.0,63.66054208146202
5195,62.0,62.683510997983184
6368,66.0,65.82701015122002
1197,66.0,65.68470555418185
198,67.0,67.06240303094742
5307,65.0,65.31338849182595
3622,66.0,66.07154689672534
4907,67.0,67.09671960691016
1509,65.0,65.08721569917584
756,68.0,68.01966372670417
5928,74.0,74.48077237548887
5418,65.0,65.18799719169364
6195,66.0,66.32464914877235
1411,65.0,64.66347632073041
5671,73.0,72.98697377521367
4824,65.0,65.58790117190252
3199,70.0,70.06484848179652
4962,67.0,67.48191251190526
622,68.0,67.88799488124738
4851,68.0,67.94227484665032
5273,69.0,69.40159757873141
4340,71.0,70.88354463905587
3802,70.0,70.05064725299971
334,70.0,70.34280620368673
681,64.0,64.50084266848094
3161,68.0,68.12806645697701
6117,66.0,65.50650700625022
1175,65.0,65.26771683240091
733,68.0,68.1891371426236
4260,65.0,65.34169596196163
1397,65.0,64.99864417356889
842,71.0,70.89120566090742
5555,69.0,68.63122134009245
6509,67.0,67.8464056810419
2245,72.0,71.78657922645385
1756,66.0,65.47687334916671
465,67.0,67.22324138600398
2024,66.0,66.42230109419668
4486,71.0,71.56917634343276
208,68.0,68.29542969481722
2392,67.0,67.53909616235048
4367,68.0,67.94975251010189
3002,66.0,66.17783799562032
3279,66.0,66.07431318995333
472,65.0,65.62657228433018
6210,68.0,68.0168998783538
6050,67.0,67.14667222321367
1789,70.0,69.54017805005181
957,73.0,72.77604467561592
3761,64.0,63.88473617148008
4617,65.0,65.55752171596205
4481,69.0,68.89908229301194
6172,67.0,66.97307197787538
4763,65.0,65.11304575178474
3686,67.0,68.09557326155937
3407,67.0,66.54241330535946
676,63.0,62.95833006637726
5114,66.0,65.78684415263561
1407,72.0,71.97392194650777
3706,63.0,63.68969146990101
1737,71.0,71.542771377853
2440,68.0,68.06533216059859
5169,63.0,63.21371805974935
2291,70.0,70.37070861570811
1103,65.0,64.72132179215724
3951,63.0,63.29105308986205
1652,65.0,65.58204040295594
805,62.0,61.706619152649935
5367,69.0,68.79108540363507
2874,72.0,72.37945951773058
5490,64.0,64.36236469453516
5972,69.0,68.6845186517962
5758,63.0,63.41557074478317
5440,65.0,65.04662984057018
4449,69.0,68.72774262064233
2154,68.0,68.52391375983356
5605,64.0,64.60864199252582
5789,65.0,64.85049039434166
2523,72.0,72.11423868633237
865,65.0,65.38141128360436
960,66.0,66.4149793123697
2916,70.0,69.65337036852193
5087,73.0,72.87003857071464
4328,73.0,73.01403468692772
6385,70.0,70.01704940923479
3334,67.0,67.0554688615218
4834,64.0,64.2845101177135
4151,70.0,70.16574441529477
5954,73.0,73.37926741080423
6577,64.0,64.79862477522771
4507,70.0,71.03108413695315
6382,70.0,70.21267329831468
1090,64.0,64.08509907258119
2163,72.0,72.03818199269497
5941,68.0,68.52775458180227
4767,64.0,64.15468446048467
37,67.0,66.56658416619582
2370,66.0,65.9787920982568
2029,66.0,66.47849321162997
5567,69.0,68.6135193452204
296,66.0,65.7128515348874
2254,64.0,64.38621066295734
1357,64.0,64.5231171846465
5363,64.0,64.24101960103111
534,64.0,64.04661219655853
5557,67.0,67.1185219020332
1416,68.0,68.58608241114823
2821,72.0,71.95184426890756
5105,65.0,64.47020216092743
1436,66.0,66.74212924056533
468,67.0,67.24847692313722
5903,66.0,66.58697783477876
755,71.0,71.15210758962277
6155,70.0,70.80020527954265
3816,71.0,71.61729402682667
5655,61.0,61.335913035749094
4519,65.0,65.07135460472065
2094,66.0,66.38045312128266
4099,72.0,72.20075415353416
5284,74.0,73.73313679922634
4878,69.0,68.27692327986057
3039,67.0,67.90095530040564
4402,68.0,67.90106823210772
6044,72.0,72.08425920566192
3795,69.0,69.27639380179409
6351,68.0,68.40383198345754
4897,65.0,65.33957747645414
3660,65.0,65.42538737960807
5010,74.0,74.74006532303184
5669,75.0,75.03159823282427
4527,70.0,70.99690634418084
1825,69.0,69.13838144021481
1832,74.0,74.44952781601944
3842,66.0,66.00013048776715
346,62.0,62.239743979935405
5398,64.0,64.27550923260607
5841,67.0,67.75560902299554
1559,64.0,64.13766443956675
3217,66.0,66.63217457564097
4038,65.0,64.91177148359179
811,65.0,64.68131311875187
3757,68.0,68.17742099304232
3980,66.0,66.33450678516009
157,65.0,65.50596801413472
351,69.0,69.64017715462911
2899,68.0,67.53613756488711
2318,66.0,66.46055001318835
996,75.0,74.82370759844193
5532,67.0,67.81230948246338
2225,68.0,67.78201653536313
5721,70.0,70.15872015787117
1666,66.0,66.3449731763269
544,68.0,67.95346257747389
6359,70.0,70.65070788279614
6220,69.0,68.8072826135223
3464,65.0,65.46098885274667
2273,67.0,67.0854224464338
4629,68.0,68.63694897420073
5375,69.0,69.13691776908824
2746,66.0,66.50283513965192
1193,65.0,64.8372212725409
1782,66.0,65.88753271773344
5725,65.0,66.12896756917593
1223,67.0,66.45086772725637
1244,65.0,64.90515548082944
1340,63.0,63.12504279356051
3195,60.0,60.058333487371705
3121,66.0,65.91730275664858
5619,70.0,70.32679206847816
2584,72.0,71.68019830839171
5150,70.0,70.02136073800227
3477,60.0,60.188127481970916
469,69.0,68.98992338808546
6568,69.0,69.57790341252642
2885,67.0,67.18567469655422
79,60.0,60.279721088235874
167,71.0,71.22126112405317
6309,66.0,65.96152896419255
1174,66.0,65.87305501077957
1181,64.0,63.99753975235338
5999,64.0,63.60362320900835
4989,72.0,72.02412449692984
1498,63.0,63.38832954302071
3862,72.0,72.4718321681478
6226,66.0,65.77708549779938
179,69.0,69.57262789759946
378,72.0,72.43882162739781
4672,66.0,66.5653149377628
4969,67.0,66.64018185975543
3765,65.0,65.28223944765428
683,67.0,67.14649890531958
752,67.0,67.44882157830057
3150,70.0,70.20199928213874
3107,68.0,67.82766304625166
2513,88.0,68.01734994219686
1921,69.0,69.27087487490319
2304,75.0,74.85279482713597
800,72.0,72.64628763721095
1480,67.0,66.84282667150765
2323,74.0,73.60470664663816
4810,63.0,63.61752822630467
3870,70.0,70.10096701426592
4574,62.0,62.20746934908932
50,64.0,64.03256862884933
3755,65.0,64.91415068929776
4917,72.0,72.05148813920354
2751,73.0,73.00893687962703
3543,57.0,58.123335234894945
1702,69.0,68.88253502222422
373,72.0,72.3227701689849
6291,64.0,64.05506858106116
4463,70.0,69.96275930926014
5176,64.0,64.07237261044145
308,69.0,69.63872249221268
4333,70.0,69.9903346594085
585,65.0,64.95267474133063
2572,65.0,65.4712192816146
5850,70.0,70.0520703357941
1219,75.0,74.54011504774792
5230,72.0,71.89438682700799
1049,73.0,73.46533425007989
5761,70.0,70.45062682395192
5997,65.0,65.10737253801136
2926,68.0,68.21746603984603
3289,65.0,65.40936597297052
6271,73.0,72.91432801920715
5198,58.0,58.967473864877675
6484,70.0,69.85188850024564
1650,72.0,72.2347015178393
3163,65.0,65.77089010205768
2499,62.0,61.787408507959015
5471,65.0,65.29691608964391
6531,71.0,71.09616160464611
4535,64.0,64.13604419201671
6253,69.0,69.3428947900504
1545,65.0,65.46441517182335
1375,66.0,67.00618021924329
322,67.0,67.73435123267173
248,71.0,71.49360445378996
1965,61.0,60.70158154380506
4258,68.0,68.01957547038612
5668,62.0,62.28657575089157
1926,66.0,66.18421135500763
1047,63.0,62.650850968473
5429,61.0,60.736047621600875
3094,63.0,63.780923076249664
3142,73.0,72.91159253857376
3095,70.0,70.2493958895403
91,63.0,63.727624204247554
6166,68.0,68.47617335877644
318,68.0,68.38456677345633
1034,71.0,71.21169581094915
4316,60.0,59.89869302215165
3540,69.0,68.74431806923776
3336,63.0,63.78667483807882
1941,66.0,65.70095404740728
5812,70.0,70.25170010782094
706,63.0,63.31489293078937
4013,65.0,64.46598764045706
6171,67.0,66.51717909032473
2603,68.0,68.15687131268301
1192,66.0,66.03532655863918
1315,62.0,62.448768148556454
6211,63.0,63.20961213376806
6115,67.0,67.52991267739324
3130,66.0,66.31023351382844
712,67.0,67.51085382435433
1600,65.0,65.65205462582252
5603,66.0,66.47605424936089
6236,66.0,65.99728303237985
265,66.0,66.90299005304982
5340,63.0,63.13217080530454
2932,61.0,61.90019205941006
2540,66.0,66.64823359197568
3318,69.0,69.16259573361552
3971,63.0,62.3229123430952
4366,63.0,63.194913753245274
14,65.0,65.33827257267366
2642,62.0,62.55659957409435
2922,68.0,68.49199601368964
747,65.0,65.49212671718631
8,69.0,69.26934832750419
3103,70.0,70.34270935629266
2417,69.0,69.16628375660054
332,64.0,63.641654229016964
2952,67.0,66.94759953611326
1393,71.0,71.56007110000142
4471,74.0,74.64561706133995
4094,71.0,70.73484166067907
5852,68.0,67.70523885564569
1410,75.0,74.53088836604103
5081,68.0,68.68803406303816
696,70.0,69.93925965210875
4418,67.0,67.59036625208151
6414,61.0,60.30499900798919
2662,69.0,69.67446241665975
3601,65.0,64.8429595299278
932,65.0,65.65875953871497
2410,65.0,65.6309622010005
6537,71.0,70.97297870975316
5640,70.0,70.01017459177201
3034,68.0,68.16722015385884
6447,70.0,69.63926417674956
4239,69.0,69.99779413611753
5951,62.0,61.86540801703539
2517,62.0,62.43161331630258
2107,69.0,69.43780200892117
2905,66.0,65.9833905049876
2276,64.0,64.51466990534534
6603,69.0,69.28504394775241
5113,62.0,62.942835004202166
196,66.0,66.0394804352021
1242,62.0,61.87198055765511
1323,65.0,65.54630038325078
6183,75.0,74.83229855075845
3532,66.0,66.2197761479548
432,66.0,66.3312180115195
1864,74.0,73.69494167645101
4483,63.0,62.79151301920453
5884,61.0,61.644307071921006
3606,68.0,68.55953764870944
1558,70.0,70.10228588969278
3008,67.0,67.01700078295448
84,70.0,69.46305497501294
4537,66.0,66.25219324324485
3063,65.0,65.35369024117367
4716,68.0,68.26724762901787
425,71.0,70.73356719292694
4349,68.0,68.60066119622769
4147,74.0,73.79174250131672
763,67.0,66.51911186304974
2531,66.0,66.19003634281557
5171,63.0,63.650422196726936
604,66.0,65.75935238168947
3832,69.0,68.59500284547005
6308,65.0,65.18626277536292
1079,70.0,69.67723872047634
4567,68.0,67.82007628355208
4813,66.0,66.36268368521802
5120,62.0,62.199783607316796
6058,69.0,69.47507353832879
185,64.0,63.814218304513176
5994,68.0,68.0287022317277
3353,71.0,71.39291149138774
4266,71.0,71.46336676187092
3739,63.0,63.400707229600464
4450,68.0,68.28261098865481
5170,64.0,64.66553918036777
486,66.0,65.74885647471689
1768,70.0,70.45421008937264
6490,68.0,68.07549651073904
6221,71.0,71.19075912653133
1611,64.0,64.07996902486113
4252,69.0,69.61498113296632
5729,64.0,64.34709121936092
3184,69.0,68.94622186058018
1835,69.0,68.699307748115
5696,69.0,69.3492549246092
4587,65.0,65.00711304864217
228,62.0,62.38850392574078
5868,65.0,64.68759874483425
3822,72.0,72.78987927550695
6256,73.0,72.42322043253523
3049,71.0,70.8819537806827
4306,65.0,65.1922289676366
6559,69.0,69.23713987235453
4740,73.0,73.51815547144837
5007,68.0,68.29768664089907
4039,63.0,63.61061249071285
2087,63.0,63.33125861119602
2812,73.0,72.9701568131621
2680,65.0,65.14121466363882
4423,63.0,63.53643469025496
2778,68.0,67.94965201203448
4322,75.0,75.13138518484482
3135,67.0,66.52267357316848
3370,67.0,67.35729111512549
254,67.0,67.24132536064438
4102,69.0,69.12444648999356
1786,71.0,71.53436628276529
221,67.0,67.1086546347804
3307,70.0,70.42351913167295
1370,69.0,68.95155480542192
65,68.0,67.97194934769693
5866,60.0,60.28053830652218
1894,62.0,62.406003123591276
3488,69.0,69.55132635833843
3527,74.0,74.43078092658844
4428,67.0,67.24962253257041
2879,68.0,68.71885241945665
1002,64.0,63.11899941420928
2715,62.0,62.35522599166514
812,73.0,72.90688546621791
1339,63.0,63.665067982652374
2588,67.0,66.90132075793545
5059,61.0,60.68431987974368
3882,69.0,69.31572225403552
5214,63.0,62.75757354521632
5495,65.0,65.61412706019325
2045,66.0,66.71089697541683
1253,63.0,63.30805629077997
4954,67.0,67.20818685019475
6554,64.0,64.47344583058533
3139,70.0,69.97051619343564
1414,66.0,66.45231162244835
376,70.0,69.92227059437553
543,72.0,72.64513188362481
1022,68.0,68.19041713569057
2124,65.0,65.38930458557724
291,65.0,65.06482862261981
2815,70.0,70.55138101134557
3939,62.0,62.241387781784866
4747,61.0,61.71408447833117
5547,70.0,70.38206374572705
177,70.0,69.8181211427301
5760,64.0,64.48719972245863
2167,68.0,67.94865791729438
6246,66.0,65.57651481327436
4192,98.0,70.90470808567913
501,74.0,74.20928734787108
5646,65.0,65.78746370754668
2115,64.0,64.76377205057814
6193,69.0,69.08659508994457
1905,69.0,69.14431420100284
6107,67.0,67.18318360944698
6460,69.0,69.751924657523
1057,70.0,69.8054237192495
5290,75.0,75.24865567477194
2233,71.0,70.59954718933535
5133,72.0,71.62443873342089
4011,62.0,62.975837230626574
5055,71.0,70.9557637461635
5160,68.0,69.03273319247181
168,70.0,70.25284518213599
3480,72.0,72.01148414850022
5966,97.0,73.0339583116733
5773,65.0,65.25905211300619
736,67.0,67.91642082728929
3808,65.0,64.8336091727424
319,70.0,70.53559153464361
4034,68.0,68.3705973237062
1533,69.0,69.37532116263705
4359,67.0,67.42314516505358
245,67.0,67.32423688176246
3240,72.0,71.8170156614602
3382,67.0,67.39836217664308
2118,65.0,66.01684741144871
506,66.0,66.60960641778182
1535,62.0,61.824897772503746
5844,73.0,72.74224140131057
216,68.0,68.33277528897395
5692,72.0,72.22585164839785
4240,62.0,62.52586133118598
3165,62.0,62.63713542979888
1893,73.0,72.8420822117587
1617,69.0,69.43901214370993
5406,68.0,68.02663633033202
2446,67.0,67.2240818246313
4291,67.0,66.86086005680474
6436,65.0,65.5049876922102
3035,69.0,69.44270231947259
333,62.0,62.88064473033516
3044,69.0,69.78345096966237
6598,64.0,64.19776829316255
4377,75.0,74.92350662419378
5505,70.0,70.44462034782329
6178,72.0,72.02334848914171
2972,70.0,70.23649038149621
6095,65.0,65.37340160353799
746,66.0,65.73539611227902
1945,68.0,67.58334447323024
2251,70.0,70.53992208677585
5341,67.0,67.86685897453043
6043,69.0,68.9964773752433
437,62.0,61.67026412239219
347,60.0,60.800255019448514
4339,65.0,64.77546472876672
2199,66.0,66.3442380492222
5743,65.0,65.54851326639285
3258,64.0,63.87364929319614
2164,71.0,70.70412566585769
2316,71.0,70.83346234680111
4010,68.0,67.86580883472459
259,65.0,65.63311631344297
5100,71.0,70.89920656842581
1183,61.0,61.83464327905053
3076,66.0,66.4542611859054
2847,68.0,67.62883235714452
3954,66.0,66.15257692827845
4939,67.0,66.87882039046318
5061,70.0,69.72903304116227
6250,65.0,65.15191574551672
599,69.0,68.639040481732
45,65.0,65.41714141189276
4536,69.0,68.88173420110853
6564,69.0,69.45982249528598
3323,67.0,67.59545543882676
5196,72.0,72.06726362532004
5048,72.0,71.93666090028998
323,69.0,69.39993293733419
6262,66.0,66.8925840392029
3166,67.0,67.03275387933361
3133,66.0,65.92594852210014
6317,65.0,65.08344366105163
1514,71.0,71.35125724291741
828,68.0,67.90437683339273
6423,66.0,66.29872848615027
1606,73.0,73.55422262921674
231,64.0,64.19818934239494
576,69.0,69.57855163443625
1662,67.0,67.26955055472392
2732,69.0,68.80637358245531
3328,63.0,63.20625869415048
447,64.0,64.04734157975156
3915,66.0,65.90550868878377
426,65.0,65.07360650753688
2641,65.0,64.96465590214802
2908,68.0,68.6597817407115
410,69.0,69.50707224943929
41,65.0,65.62959812099609
5049,64.0,63.87796806370652
1212,65.0,65.34539242959072
4237,75.0,75.55666173895173
1883,66.0,66.2855696453058
1882,67.0,67.24412527720092
5155,68.0,67.96462755664645
5635,63.0,63.57188526065612
6269,68.0,67.94100655023554
5719,57.0,57.58533324860359
1221,68.0,68.13876284431316
19,66.0,66.01710059553821
1471,68.0,68.30489840189105
2034,72.0,71.5698795995232
5451,65.0,65.35404613432212
3422,64.0,64.82930512002581
626,63.0,63.26683796746307
1374,73.0,73.00695258687998
6177,68.0,67.90090505289712
199,67.0,66.79317613127418
3365,71.0,70.97341720664892
1743,69.0,68.78319695755775
5487,67.0,67.56141599497504
51,64.0,64.33856643314411
3203,68.0,68.43712392488213
2666,67.0,67.16538919750413
1074,72.0,71.98996829134103
5413,66.0,66.08259468060724
5848,65.0,64.75490155111642
2868,71.0,71.02222289566356
1108,67.0,67.2403081539655
101,65.0,64.71333747177832
3544,68.0,68.44785401870956
5598,67.0,67.19831423333748
5489,69.0,69.28081929154033
6601,65.0,64.48734153886491
5065,72.0,72.69522786726314
1618,69.0,69.17758330428386
620,62.0,62.43061370009406
2398,67.0,66.66221506245837
2057,70.0,69.62510566215408
5821,70.0,69.31010984713193
2770,64.0,64.8497238832346
1971,65.0,65.02585652075385
1321,71.0,70.9036267643857
2020,71.0,70.57067775354471
5111,70.0,70.10606258495099
672,70.0,70.56194038064405
5597,66.0,66.54562439733776
4900,65.0,65.32850450538314
2407,68.0,68.03756886713597
5277,64.0,64.30940754216395
2697,63.0,63.35388493149201
705,69.0,69.3545296718579
4374,69.0,69.45313767228858
3740,66.0,66.7222537569574
1352,70.0,70.69992725627398
2991,72.0,72.37497676937784
2415,64.0,64.60357901992099
3806,68.0,67.73190857808042
2271,62.0,62.5787616273933
1879,65.0,65.03488997653749
4446,71.0,71.7829719279346
527,68.0,67.9535122240833
3433,69.0,69.2193022039452
2462,68.0,68.40099406158892
3824,67.0,67.26064540246932
565,66.0,65.99098712117859
586,67.0,66.7330207329291
3078,66.0,65.27808939380547
1097,61.0,61.715171198818595
1176,67.0,67.2512805165795
5763,59.0,59.96010110522072
5679,64.0,64.2922541757098
1149,68.0,68.25675329472936
1188,68.0,67.30434920634596
730,70.0,69.7179228556096
5621,67.0,67.62917645402769
4689,70.0,70.5280153773028
3295,64.0,64.5897905638542
3131,60.0,60.38943488074493
408,65.0,65.76301435730441
6487,71.0,70.97991721803604
325,68.0,68.58297238774104
3698,71.0,70.86816480805504
3964,66.0,65.97446118402074
2252,63.0,63.120498788014615
290,65.0,65.24882084290714
5678,71.0,70.78053802358133
1859,65.0,65.58736487180967
1803,68.0,67.82587453453931
3655,65.0,64.52758238948881
2338,65.0,64.79013861890965
1487,63.0,63.02606869733017
3127,68.0,68.31775381694065
1446,69.0,69.7887354180815
5664,63.0,63.45320821408095
6059,69.0,69.13884930828094
2705,70.0,70.2856822952184
864,69.0,68.9455395648727
4351,67.0,67.41601225972683
5798,66.0,65.73054998421439
1039,72.0,71.7450482666373
3393,68.0,68.8309991341964
4290,71.0,70.87882373281123
3758,64.0,64.38947340063885
4862,63.0,63.70665929316824
371,71.0,71.32726067427156
1042,65.0,65.02896426359327
1608,67.0,67.31008758818389
4217,67.0,67.58027702105409
4490,68.0,68.06381130036016
994,66.0,66.35473687981045
2471,71.0,71.35147825399523
1672,70.0,70.27945168292953
2406,60.0,60.32258428060162
5137,67.0,66.64875184849295
4480,66.0,66.79675035344385
3362,67.0,67.61392099827486
1902,68.0,67.91074861217955
3355,63.0,62.416748975764506
2997,68.0,68.21764264283556
4783,64.0,64.77233351940103
4215,68.0,68.10202161703452
5647,70.0,69.95025166524863
1615,77.0,76.52291941083712
4100,70.0,70.46769222535424
5973,66.0,65.50896741537393
1467,70.0,69.88060267636583
2344,63.0,62.93121587128999
742,69.0,69.53795036159121
3491,63.0,63.760538433436594
4733,68.0,68.2311226190673
1511,68.0,68.6421970257722
5617,71.0,71.5297134268664
2431,62.0,62.40217024737204
3612,64.0,63.98563576973114
2548,67.0,66.73465321807409
122,71.0,71.02538168936844
3575,67.0,66.73445051877977
5989,80.0,64.93357460656865
3938,71.0,70.91463040670301
4251,68.0,68.48486048229461
1419,70.0,70.39070163471762
6446,65.0,64.94126736903577
4909,63.0,62.81639085749576
4273,63.0,63.306291551389634
4087,66.0,66.67370798857648
4506,69.0,68.67623567598648
1897,66.0,66.83841088932363
4815,72.0,72.06020851250206
439,65.0,64.59115650941972
4456,69.0,68.77109021616224
2018,70.0,70.20856479305026
3742,66.0,66.04218141197097
5711,67.0,66.77786095228355
2119,65.0,64.64703041835185
1345,67.0,66.87288765189976
2550,60.0,60.67963269459365
4620,69.0,68.65237337720481
1765,65.0,65.69672644434354
1215,69.0,68.9858446349052
6222,67.0,66.60650113494026
3337,72.0,71.86732148594123
2226,74.0,74.52186412012561
5075,71.0,70.86218726504109
2077,68.0,68.30885025256578
3026,71.0,71.28539366677663
2628,67.0,66.58571960658074
1575,67.0,67.94530829639675
4522,72.0,72.37635232808115
5595,65.0,65.60696849284655
2229,67.0,66.95808465310672
2272,69.0,68.93896979307945
3303,66.0,66.48217003790289
279,69.0,68.62421510115732
2653,71.0,71.11614980937988
6489,67.0,66.58888445832234
4350,67.0,67.49191170404646
2317,68.0,68.11780478630888
3722,62.0,61.69659428692882
5690,65.0,65.09648300663676
3929,72.0,71.74579263506872
1115,69.0,69.20676347344099
6224,70.0,70.2635095192428
2575,61.0,61.43892359984287
2418,69.0,68.7988759355038
5020,63.0,64.05922500531487
5388,68.0,68.52219864310833
4269,72.0,72.27750319428664
4230,64.0,63.93981339451832
6003,68.0,68.60347830287395
6129,61.0,61.54248272308896
3829,67.0,67.1399085834055
6602,68.0,67.78573630635269
577,71.0,71.45244734873711
5152,65.0,65.1496681051472
5164,74.0,74.3088738893401
787,68.0,68.49134335860016
1721,64.0,64.64986772737451
1656,64.0,63.98978050448041
4697,76.0,76.19512982567461
3113,65.0,65.16659891286082
4184,67.0,67.17905224770149
1261,64.0,64.19304940309082
4778,66.0,65.92606700667604
3662,68.0,68.0433000095876
2333,69.0,69.27303282448081
3545,67.0,67.3211710850405
3893,61.0,61.50134685141545
321,68.0,68.43699700860296
3916,65.0,65.05738383112818
473,72.0,72.32982651959604
3733,69.0,69.09759118767187
5033,70.0,69.91960959104499
4076,65.0,65.79523445512447
4059,62.0,62.274663847822275
1831,68.0,67.70800853186654
4081,70.0,69.56804774436165
2328,64.0,63.9233522417421
4194,63.0,62.91114348747336
5908,72.0,72.4177849309872
420,68.0,67.93325505125267
4589,66.0,66.43065413541095
553,72.0,72.5359890812909
5537,63.0,62.620578164120055
1916,70.0,70.40680475124435
2706,67.0,67.61984455622088
5946,66.0,65.88186440457233
1695,71.0,70.88618183188265
3691,70.0,69.75884064701417
1195,71.0,71.06688536541154
2191,73.0,73.3137967298089
1163,64.0,63.959401202784065
6451,68.0,68.60150583830675
181,65.0,65.36821968433804
3082,70.0,70.26187357935407
794,66.0,66.65460758104933
4074,64.0,63.884334500468725
6475,64.0,64.36488982501419
1144,66.0,66.44256661118082
2895,71.0,70.84528193229767
4072,66.0,66.74587173845528
4760,63.0,63.194817064306974
530,66.0,66.25809627256845
710,67.0,67.47185127528789
3958,68.0,68.17268589822235
4512,63.0,62.78299547494048
5548,66.0,66.43354028638686
3463,71.0,70.60498104050252
1817,63.0,63.194659355995825
907,71.0,70.88090038248717
3100,69.0,69.3303496593641
5958,66.0,66.20309532195996
4568,69.0,69.33665667678726
1954,72.0,72.02131898499995
3379,60.0,60.42148367369132
2699,72.0,71.91848033738283
926,68.0,68.33626908883322
3346,68.0,68.27274534302356
4928,70.0,70.29961777981339
15,64.0,64.10485974861449
5963,63.0,62.740374601995924
315,69.0,68.41553454906249
2132,73.0,73.38033140729958
4678,73.0,73.1947573133246
2031,65.0,64.98457071970066
3248,64.0,64.25021024411933
4981,68.0,67.84817564615322
1199,71.0,70.62431392444023
1330,71.0,71.19913626609902
5570,66.0,66.21977997613553
5479,72.0,71.74143670136363
5234,70.0,70.20649973023846
4162,66.0,66.34968731869175
2264,67.0,67.7140104612993
3172,66.0,66.58196807682185
1862,65.0,64.91093137307924
4945,72.0,72.09694616584683
4872,63.0,63.22844290759566
1354,64.0,64.7745701970858
2600,65.0,65.69663576153836
6428,68.0,68.2517152425338
6599,70.0,70.4314403309376
1623,66.0,66.23131674154385
1032,68.0,67.79000450141992
5174,67.0,67.04459132423482
3429,68.0,68.20646868503731
1158,67.0,67.65539852031554
5970,72.0,71.77890825178163
1010,71.0,71.32399765020348
3693,66.0,66.27809535698414
3536,65.0,65.4070576770855
691,66.0,65.4326412250322
533,65.0,65.67336747036039
4012,66.0,65.91343291579227
3689,69.0,69.10724579348887
652,70.0,70.16026653108312
33,61.0,61.12350420150712
1426,72.0,71.45094000138542
44,68.0,68.36420133620464
5218,66.0,66.13331876682307
6204,66.0,66.22564014360144
964,64.0,63.97879002511904
5313,69.0,69.03293787156386
6589,70.0,69.69963388243245
3787,68.0,68.25005690475795
4773,64.0,63.95703327185241
5552,62.0,62.685802722097655
3815,58.0,58.08002482357335
4906,70.0,70.26158205144112
3204,70.0,70.23266526314467
2022,67.0,67.32528457646414
3269,68.0,67.9504240777224
63,67.0,67.11005691506023
1044,66.0,66.57947739392124
2347,65.0,64.71290306115654
2759,70.0,70.54669879639005
227,62.0,62.0699631137424
3837,66.0,66.16523647074418
2687,87.0,60.1224705387628
3817,69.0,68.88131749161701
969,62.0,61.63267095554683
4303,71.0,71.45629027672128
1963,74.0,74.13946570213642
1433,65.0,64.91976496958664
2707,71.0,70.70284045220937
1483,65.0,65.25027073025748
5132,68.0,67.84006526940182
5862,68.0,68.55337153292956
6578,64.0,64.57775821621877
2678,68.0,67.94668481111995
1703,71.0,71.07654884325041
3542,65.0,64.77863309573759
3504,64.0,63.72392030222385
3961,72.0,72.22200915886734
1512,59.0,59.09114282863412
4257,64.0,64.602005169184
3692,64.0,64.1665367895119
4531,93.0,67.56535732660281
2883,67.0,66.87427501952858
2465,70.0,70.27169667576085
1297,67.0,66.99089673743339
4140,67.0,67.72889818857428
1992,68.0,68.09114761530769
5900,72.0,72.49766955417587
4655,70.0,70.13790025342236
2949,63.0,62.5333343899338
641,73.0,72.77236692618933
6013,74.0,74.30502180632203
4722,66.0,65.98736645617588
297,63.0,62.53832946914633
303,63.0,63.69269309620799
4235,61.0,61.72716885914286
2906,67.0,66.86718901537482
2754,65.0,65.1082368795482
3773,63.0,62.16503138988074
3317,68.0,68.12415528284322
655,62.0,61.57946129136994
5733,68.0,68.52354504234196
3705,64.0,64.07488874344153
6064,66.0,65.76674032481733
240,65.0,64.59749597230937
783,62.0,62.67724747924066
1018,66.0,65.95525566497466
4092,66.0,66.17388386715895
977,64.0,64.26326193818878
1805,67.0,66.85084463557327
3792,66.0,65.91239012065351
6118,72.0,72.57188464954365
257,65.0,64.89004942643744
893,66.0,66.473101172334
4561,72.0,71.60883138754598
6088,66.0,66.42173840073919
5803,74.0,74.38787777608692
3658,68.0,68.30695181302875
6281,69.0,69.01162047537086
4229,68.0,68.29727276017967
5528,70.0,69.67014678279062
4434,69.0,68.55333369107628
1620,73.0,73.17302024263746
1886,66.0,65.91457948989313
5202,69.0,69.38183847491057
1550,68.0,68.04149761713278
5303,64.0,63.77395295729168
1412,63.0,63.2384481607235
2215,65.0,65.02362278382772
2114,73.0,73.59706961523571
3699,67.0,66.87727657331139
6144,70.0,70.34368881890079
1371,66.0,66.53316765218216
1420,66.0,65.82319204275026
5610,64.0,63.93764050221505
1092,70.0,70.30772186003205
4595,70.0,70.0644840543983
124,68.0,68.48387809359707
2927,68.0,67.51310982925953
5527,70.0,70.51228536506375
3921,71.0,70.69245353342473
2155,64.0,63.59893870637413
2447,71.0,71.46244224220956
2795,67.0,67.25286369394243
598,69.0,68.85276889928974
75,66.0,66.26621606149997
5937,64.0,64.64936141423838
5400,62.0,62.430165211135986
1870,67.0,67.6891643041719
5066,65.0,65.0605520277604
4424,62.0,62.43654595946721
149,72.0,71.83731294769062
453,72.0,71.89064716387514
6373,66.0,66.40669470231009
3256,65.0,65.63963728308298
5483,70.0,70.01321880580105
808,68.0,67.99929762430625
1335,72.0,72.28883228902677
3439,63.0,63.154536903073364
1119,69.0,68.13433829704721
810,70.0,70.55570163927342
1129,65.0,65.44949887950584
834,72.0,72.00556382650561
2882,64.0,64.46790649073546
5064,67.0,67.21265905477318
6314,70.0,70.34702737530837
1507,71.0,70.79175668161075
1225,69.0,68.40872533328903
1362,67.0,67.08150277981719
1940,67.0,66.78289571458019
4984,70.0,70.39001911452209
3487,67.0,67.03094751354094
3786,65.0,65.14605671323454
4609,62.0,62.209093826091255
2157,73.0,73.06389078147993
1027,63.0,63.11844809756724
2689,72.0,72.14510704423513
6324,64.0,64.2375818061558
349,67.0,67.99535682496621
1747,67.0,67.15592761930232
662,63.0,63.67513497683609
172,66.0,65.84309760709007
1263,63.0,62.99792028848426
4253,68.0,67.85016654609964
422,69.0,69.18060015578341
6441,69.0,68.76519971931332
5676,70.0,70.27131311055793
881,67.0,66.7151093361302
4163,67.0,66.76412821954561
5813,69.0,69.48673702797788
4674,71.0,70.53199370929292
4606,68.0,68.40518524764697
4078,64.0,63.811764255545974
102,65.0,65.58978958997129
5242,66.0,66.18218743750018
1860,67.0,67.26730973740354
3316,70.0,70.83542875308949
3116,72.0,72.3579649406762
4198,65.0,65.20770166360266
6570,70.0,70.54491964381803
4526,61.0,61.265278872284554
5380,67.0,66.93914512933036
135,67.0,66.795569292143
1593,71.0,70.84495028938485
3319,73.0,73.56442038623145
5930,61.0,61.57875378355892
4387,66.0,66.59947127367013
3855,64.0,64.2583053820826
3252,69.0,68.85663251800553
1801,68.0,68.28668122906858
4856,66.0,66.21565681316008
3891,70.0,69.84392270057832
807,70.0,69.84900214442841
462,63.0,62.718873675751254
879,70.0,70.06047375152092
6114,66.0,66.69208124838347
3475,62.0,62.11263884410972
4956,68.0,68.89879641611441
3396,73.0,72.87432570088298
5683,71.0,71.27659505161941
799,69.0,69.52224864404485
354,68.0,68.68803239844205
4420,69.0,68.48731137760953
1073,65.0,64.78641751587804
4680,65.0,65.55309802157538
144,65.0,65.15316994527257
380,63.0,62.145089200709734
2098,65.0,65.00094311975192
5216,66.0,66.59984724351042
121,65.0,65.75890820656329
3153,68.0,67.92957275483168
418,67.0,67.28051697410636
5027,71.0,70.65401237972623
5190,68.0,67.71151975055301
3708,69.0,69.61920548512435
1961,69.0,68.88694962232488
1595,66.0,65.96480840489416
555,69.0,68.97146696841051
3574,64.0,64.56865969645924
3090,66.0,66.42540660350534
4866,61.0,61.624018183153574
4080,71.0,70.89943480456562
1272,64.0,64.30821307749754
6480,64.0,63.529438348513196
4466,71.0,70.86955388734405
6024,68.0,68.61114245761009
6416,61.0,60.95523114305931
6427,68.0,68.1828633373032
6135,63.0,64.01033082836933
4690,65.0,65.16197372277296
6376,68.0,67.97257793133012
2763,65.0,65.62447256632413
4110,70.0,70.28217988044987
5544,67.0,67.36011667750206
4709,69.0,68.75001142173551
3664,72.0,72.43787000211185
5231,66.0,66.17032672154805
1773,63.0,63.41689243856487
5782,72.0,71.76475246912177
